protocol           , protocol_detected, master_proto, app_proto, category_name , category_id, flows , avg_detect_pkt_in_flow, var_detect_pkt_in_flow, avg_detecting_bytes, var_detecting_bytes, avg_packets_in_flow, var_packets_in_flow, avg_bytes_in_flow, var_bytes_in_flow        , avg_detecting_instructions, var_detecting_instructions, avg_detecting_cycles, var_detecting_cycles, avg_detecting_ipc, var_detecting_ipc, avg_detecting_llc_misses, var_detecting_llc_misses, avg_detecting_llc_refs, var_detecting_llc_refs, avg_detecting_llc_miss_ratio, var_detecting_llc_miss_ratio, avg_detecting_branch_misses, var_detecting_branch_misses, avg_detecting_branch_miss_per_kinst, var_detecting_branch_miss_per_kinst
DNS                ,                 1,            0,         5, Network       ,          14, 114715,               1.000052,               0.000314,           80.945325,           81.047911,            6.869180,           79.836951,        824.146101,            1393883.724895,               19552.238487,            39218323.757377,         10579.667227,     173014355.642494,          1.848096,          0.481484,                10.397725,              2777.823169,              64.203870,           61420.846507,                     0.161949,                     0.098447,                   72.902123,                13908.932860,                            3.728582,                            4.847798
TLS                ,                 1,            0,        91, Web           ,           5,  59826,               4.017735,               0.222582,          511.721158,        46925.724240,           45.024137,        47564.607715,      28739.324775,        94493659566.036591,              135197.032110,           536763219.900669,         43718.728412,      60329718.636701,          3.092428,          0.111705,                14.336024,               134.634538,              90.041387,           19811.943963,                     0.159216,                     0.060715,                  100.296961,                 4289.484441,                            0.741858,                            0.235832
HTTP               ,                 1,            0,         7, Web           ,           5,  12999,               4.033464,               0.114658,          859.652358,       166923.736288,           43.635972,        21095.778861,      32059.946765,        34635800315.712677,               87201.073698,          1861391370.327979,         38003.144934,     430489974.319636,          2.294575,          0.530549,                23.596969,               949.739328,             198.358028,          107749.541637,                     0.118962,                     0.060334,                  236.331487,                61018.441005,                            2.710190,                            0.569813
NOT_DETECTED       ,                 0,            0,         0, NOT_DETECTED  ,           0,   9828,               0.000000,               0.000000,         1439.783272,     21593740.845784,            7.362536,           31.344453,       1439.783272,           21593740.845784,               46573.046093,          2025900227.958905,         21269.875661,     436264949.993290,          2.189625,          0.347763,                21.530322,               661.436708,             111.572853,           26201.964066,                     0.192971,                     0.064256,                   92.583944,                35015.817231,                            1.987930,                            1.326948
TLS                ,                 1,            0,        91, Advertisement ,         101,   9245,               4.002596,               0.003238,          491.534667,        13050.927868,           29.335100,          734.039357,      11151.541698,          820911426.866109,              130201.381179,           462267794.764166,         42232.504164,      47896371.269777,          3.082966,          0.068867,                14.215792,               112.106489,              87.739751,           12362.293331,                     0.162022,                     0.050947,                   99.153164,                 2513.457774,                            0.761537,                            0.176112
HTTP.OCSP          ,                 1,            7,        63, Network       ,          14,   8732,               4.024737,               0.052068,          694.962895,          818.895096,           23.898763,          191.160846,       4579.333372,           11117405.338589,               49662.280806,              829583.964895,         21970.789052,      17808116.228519,          2.260378,          0.337555,                13.987632,               117.077722,             126.405863,           34926.443383,                     0.110657,                     0.069041,                  107.818255,                 2331.222237,                            2.171029,                            0.928737
TLS.Google         ,                 1,           91,       126, Advertisement ,         101,   8503,               4.000000,               0.000000,          492.441138,        14057.978630,           48.801952,        13346.828000,      21793.679054,         7583991092.792560,              120280.615547,           573561512.390947,         38987.323886,      43419627.347056,          3.085121,          0.006119,                12.381160,                67.253871,              75.698577,            9835.418141,                     0.163559,                     0.061029,                   91.186640,                 2229.347619,                            0.758116,                            0.218857
TLS.Google         ,                 1,           91,       126, Web           ,           5,   3951,               4.000000,               0.000000,          488.224500,        13176.340134,           86.947608,        88128.466756,      66680.019995,       115441213645.593887,              125725.656036,           492217609.009253,         40163.155657,      64374852.452359,          3.130373,          0.124052,                12.960010,                85.876406,              74.205011,            9584.844834,                     0.174651,                     0.066757,                   89.823842,                 3037.027435,                            0.714443,                            0.186945
HTTP               ,                 1,            0,         7, Advertisement ,         101,   2565,               4.001170,               0.002728,         1276.288889,       612699.884185,           23.778558,          646.711197,       9382.782066,          351369335.297144,              117126.264327,          4292937502.087635,         50290.423782,     735170059.643801,          2.328997,          0.235443,                33.979337,              2557.486902,             280.399610,          187011.606004,                     0.121182,                     0.040970,                  355.000390,                83811.977778,                            3.030920,                            0.957732
TLS.Mozilla        ,                 1,           91,       125, Web           ,           5,   1867,               3.998929,               0.001070,          473.281200,         1211.908607,           27.798607,          236.031214,       8616.169791,          105454220.541605,              144640.654526,             6553704.724251,         45602.356722,      20852000.809011,          3.171780,          0.206793,                13.805570,                99.200012,             102.380289,           27293.540436,                     0.134846,                     0.067568,                  111.590252,                 6245.535909,                            0.771500,                            0.306290
TLS.Facebook       ,                 1,           91,       119, SocialNetwork ,           6,   1526,               4.000000,               0.000000,          497.642202,        16030.525978,           52.499345,         4493.733617,      28548.524902,         4596244079.507571,              125625.409567,           504463486.416134,         41066.557012,      57630883.991180,          3.059068,          0.072481,                18.660550,               243.394604,             115.103539,            7756.381154,                     0.162120,                     0.048822,                   90.479685,                 1977.058237,                            0.720234,                            0.110144
SSH                ,                 1,            0,        92, RemoteAccess  ,          12,   1054,               7.087287,               1.288396,          491.284630,         8088.349726,           85.782732,           20.056210,      14684.848197,             672083.959878,               48004.767552,            32213775.595873,         23186.518975,      49060814.452676,          2.070374,          0.379438,                18.835863,              1055.287101,             218.503795,           79435.348657,                     0.086204,                     0.077353,                  110.082543,                 4791.058652,                            2.293159,                            0.642071
TLS.GoogleServices ,                 1,           91,       239, Web           ,           5,   1015,               4.000000,               0.000000,          488.147783,        10770.386042,           57.637438,         6973.931603,      25571.493596,         2109238001.775082,              134624.675862,           261926686.922520,         43355.861084,      44407923.804348,          3.105109,          0.141577,                12.405911,                76.083512,             101.530049,           21276.989984,                     0.122190,                     0.047188,                  107.102463,                 2136.813147,                            0.795563,                            0.156076
TLS.Canonical      ,                 1,           91,       169, Cloud         ,          13,    942,               4.152866,               0.269626,          445.646497,         3238.965269,           23.400212,          140.452357,       7424.839703,          140785468.349039,              110615.964968,            26325951.012573,         42512.834395,      25947141.401450,          2.601943,          0.252792,                16.221868,               218.546316,             216.389597,          101793.163501,                     0.074966,                     0.029933,                  226.418259,                 7585.994911,                            2.046886,                            0.674369
LDAP               ,                 1,            0,       112, System        ,          18,    929,               5.407966,               7.001487,          616.497309,       232979.724697,           50.185145,         7643.709532,      14738.262648,          682537236.830908,               37696.836383,           311222331.790237,         19524.763186,      85601940.314210,          1.930719,          0.043928,                13.018299,               294.177275,             117.673843,           32721.944214,                     0.110630,                     0.072113,                  114.820237,                 3197.981679,                            3.045885,                           16.333756
Kerberos           ,                 1,            0,       111, Network       ,          14,    905,               3.208840,               9.029314,         1042.372376,       776636.211613,            9.398895,           53.441988,       4112.300552,            6179321.359392,               32636.366851,           577388822.073155,         14977.516022,     123120998.742561,          2.179024,          0.000000,                11.725967,               776.740375,              50.256354,           17336.000581,                     0.233323,                     0.114455,                   92.869613,                 3988.117806,                            2.845587,                           24.826287
TLS.Twitter        ,                 1,           91,       120, SocialNetwork ,           6,    785,               4.000000,               0.000000,          554.764331,        22355.385225,           48.840764,         8053.474007,      30140.098089,        10931401475.530506,              136871.733758,           149013106.521473,         44144.073885,      20261970.221292,          3.100569,          0.134700,                14.838217,                80.087202,             110.607643,            9166.804018,                     0.134152,                     0.044469,                  112.211465,                 3655.973117,                            0.819829,                            0.244006
TLS.AWS_Cloudfront ,                 1,           91,       464, Cloud         ,          13,    749,               4.002670,               0.005333,          526.206943,        18338.706173,           58.935915,        22640.762248,      41242.822430,        38019528462.685425,              136336.347130,           257650544.683239,         43176.723632,      18235762.701992,          3.157635,          0.037536,                12.236315,                68.591685,              85.826435,            7314.728220,                     0.142570,                     0.040994,                   96.596796,                 1796.646505,                            0.708518,                            0.179709
HTTP.Google        ,                 1,            7,       126, Advertisement ,         101,    592,               4.000000,               0.000000,          832.726351,        54922.178495,           31.736486,         1297.295425,      10045.932432,          589335235.738678,               86642.023649,          2449416765.820385,         41527.092905,     779847566.763328,          2.086398,          0.519172,                29.653716,              2022.344615,             219.714527,          102406.774924,                     0.134965,                     0.043718,                  320.824324,               125920.685354,                            3.702872,                            0.000000
NetBIOS            ,                 1,            0,        10, System        ,          18,    496,               2.322581,               6.234651,          199.112903,        40684.342092,           62.911290,        87652.637292,       6724.221774,          776059275.539526,               16594.157258,           197944280.487367,         10329.139113,      30588885.571373,          1.606538,          0.000000,                11.860887,               141.309277,              83.582661,           18933.295586,                     0.141906,                     0.060166,                   68.177419,                 1162.795135,                            4.108520,                           20.870304
FTP_CONTROL        ,                 1,            0,         1, Download      ,           7,    441,              28.108844,               2.432598,         2048.551020,        47703.163497,           50.691610,            8.839136,       3760.671202,             114832.964454,              167881.179138,            20780737.589230,        106231.648526,     325856070.119095,          1.580331,          0.225848,                44.839002,              5836.321019,            1057.650794,          426005.605946,                     0.042395,                     0.014345,                  863.002268,                39061.848067,                            5.140554,                            1.442345
TLS.Yahoo          ,                 1,           91,        70, Web           ,           5,    401,               4.002494,               0.002488,          552.678304,        21953.744392,           32.329177,          740.325558,      10982.708229,          560841116.705394,              140691.658354,            31171242.499241,         44713.294264,      15238799.105428,          3.146529,          0.142684,                15.079800,               112.706849,              90.628429,           10454.906823,                     0.166392,                     0.046475,                  104.598504,                 2652.838801,                            0.743459,                            0.132197
QUIC.Google        ,                 1,          188,       126, Web           ,           5,    381,               1.000000,               0.000000,         1392.000000,            0.000000,           82.866142,       188184.063447,      66107.498688,       162866042973.662079,               16015.797900,             3998058.806925,         11124.960630,      11081003.901337,          1.439627,          0.395363,                13.133858,               261.769484,             122.742782,           14272.395781,                     0.107003,                     0.048628,                   66.144357,                 1531.309870,                            4.129945,                            4.201485
TLS.Yandex         ,                 1,           91,        25, Web           ,           5,    362,               4.000000,               0.000000,          543.676796,        22692.014323,           56.980663,         9955.206808,      44934.817680,        15092396326.115931,              140016.464088,            55819314.077438,         44814.461326,      49133636.541322,          3.124359,          0.251586,                20.563536,               249.892372,              80.027624,            4511.485425,                     0.256955,                     0.054823,                   99.850829,                 2875.414212,                            0.713136,                            0.140402
TLS.Microsoft      ,                 1,           91,       212, Web           ,           5,    354,               4.000000,               0.000000,          455.652542,          287.153284,           35.005650,         9087.231606,      24831.175141,        13257472399.805485,              156548.593220,            73587049.037918,         54625.539548,      49637898.903803,          2.865850,          0.333688,                34.025424,               901.375060,             216.790960,           64362.690766,                     0.156950,                     0.035043,                  240.333333,                16034.436911,                            1.535200,                            0.620988
TLS.AWS_S3         ,                 1,           91,       463, Cloud         ,          13,    353,               4.002833,               0.002825,          455.073654,         3462.612139,           30.373938,          481.202947,      12098.484419,          583844113.898482,              136639.742210,           331317880.865559,         43823.801700,      40477716.561244,          3.117934,          0.110727,                15.271955,               143.705077,              97.716714,            6327.755443,                     0.156288,                     0.030651,                  104.422096,                 3482.742515,                            0.764215,                            0.143569
SMTPS.GMail        ,                 1,           29,       122, Email         ,           3,    343,               4.005831,               0.011628,          436.271137,          783.177214,           43.405248,            7.343063,       8127.262391,            1871708.432609,               96733.892128,            13335014.667664,         41044.874636,      61460978.581951,          2.356784,          0.214899,                19.478134,               644.692671,             287.259475,           82397.218387,                     0.067807,                     0.008776,                  239.807580,                 2137.344899,                            2.479044,                            0.208294
QUIC.Google        ,                 1,          188,       126, Advertisement ,         101,    334,               1.000000,               0.000000,         1392.000000,            0.000000,           53.862275,         9293.507978,      30341.194611,         4955985937.162725,               18246.008982,             6688588.733452,         11639.044910,       9209232.941097,          1.567655,          0.332735,                11.544910,               124.182115,             124.152695,           29337.135367,                     0.092990,                     0.046922,                   68.209581,                 1230.698591,                            3.738329,                            3.633168
TLS.eBay           ,                 1,           91,       179, Shopping      ,          27,    305,               4.000000,               0.000000,          492.501639,        12567.154915,           60.747541,         6475.395281,      40340.531148,        10757704367.363785,              138561.685246,            34265649.566505,         42084.750820,      17688105.544466,          3.292444,          0.159757,                13.957377,                87.457200,              52.878689,            5538.572169,                     0.263951,                     0.090477,                   73.695082,                 1714.323418,                            0.531858,                            0.090671
TLS                ,                 1,            0,        91, Media         ,           1,    270,               4.003704,               0.003690,          562.881481,        25345.778546,           78.529630,         2818.826900,      62651.937037,         3158454058.118258,              143628.225926,            92798754.434143,         45954.525926,      17061541.027106,          3.125442,          0.183910,                16.640741,               176.867229,             105.344444,           15765.566543,                     0.157965,                     0.041912,                  113.796296,                 4487.184431,                            0.792298,                            0.247438
TLS.YouTube        ,                 1,           91,       124, Media         ,           1,    250,               4.000000,               0.000000,          547.808000,        23935.683136,          241.608000,       338067.598336,     296689.576000,       836612918975.412231,              136128.792000,           145774386.884739,         42942.100000,      27622670.210000,          3.170054,          0.147252,                13.592000,                73.297536,             103.520000,           26792.217600,                     0.131298,                     0.060784,                   97.360000,                 2956.078400,                            0.715205,                            0.139302
TLS.FbookReelStory ,                 1,           91,       337, SocialNetwork ,           6,    248,               4.000000,               0.000000,          458.225806,         2715.199011,           59.951613,         8918.594433,      46273.016129,        11715801465.644901,              127122.766129,           476799734.751757,         40576.342742,      89656543.184947,          3.132928,          0.241200,                15.370968,               128.563996,              89.133065,           10162.591165,                     0.172450,                     0.056178,                   76.971774,                 2469.583881,                            0.605492,                            0.131195
TLS.Microsoft365   ,                 1,           91,       219, Collaborative ,          15,    244,               4.016393,               0.016125,          486.553279,         9466.222571,           37.188525,         2431.366098,      18815.344262,         2006608224.365090,              138397.463115,            50658954.863396,         44939.229508,      24432239.914539,          3.079658,          0.220690,                24.028689,               407.322947,             120.336066,           29557.591978,                     0.199680,                     0.046190,                  104.639344,                 3206.542059,                            0.756078,                            0.138779
TLS.LinkedIn       ,                 1,           91,       233, SocialNetwork ,           6,    228,               4.000000,               0.000000,          461.552632,         1822.229686,           28.618421,          259.165801,       9533.184211,          202944363.729224,              136287.925439,           128259646.025143,         43265.947368,      15039923.725300,          3.150004,          0.110005,                17.653509,               198.077312,              92.153509,            8587.963277,                     0.191566,                     0.053769,                   93.649123,                 2121.280394,                            0.687142,                            0.140672
HTTP.GoogleServices,                 1,            7,       239, Web           ,           5,    210,               3.995238,               0.004739,          611.257143,         4877.886259,           44.733333,         1635.776508,      20468.400000,         1938220675.725714,               60349.614286,            36525851.379796,         30689.561905,      85058253.827120,          1.966454,          0.528223,                31.719048,              5873.411542,             318.652381,          183715.141066,                     0.099541,                     0.031295,                  216.719048,                19168.916304,                            3.591059,                            2.279028
HTTP               ,                 1,            0,         7, ConnCheck     ,          30,    191,               4.000000,               0.000000,          548.638743,          314.450646,           37.534031,           51.892821,       3515.162304,             625596.774705,               61196.581152,              121370.829802,         32565.486911,      21330793.495902,          1.879185,          0.167399,                17.853403,               476.104164,             286.905759,          100924.378553,                     0.062227,                     0.013393,                  237.921466,                 2736.690167,                            3.887823,                            0.711914
HTTP.Google        ,                 1,            7,       126, Web           ,           5,    183,               4.000000,               0.000000,          863.284153,        43233.252590,          120.748634,      1030787.816596,     111740.448087,      1554390767245.657227,               71926.666667,           740467538.025500,         33725.311475,     289692937.165278,          2.132721,          0.638158,                40.092896,             14928.903939,             282.852459,          209412.879871,                     0.141745,                     0.029401,                  222.989071,                43328.491684,                            3.100228,                            0.247004
NetBIOS.SMBv23     ,                 1,           10,        41, System        ,          18,    179,               8.944134,               0.108611,         1095.530726,         8371.668050,           88.731844,        19457.168316,      23267.351955,         1312313265.814675,               81251.877095,            44868503.727912,         58270.865922,     195880854.563029,          1.394383,          0.289386,                32.201117,              4151.836647,             779.150838,          258431.859929,                     0.041328,                     0.006383,                  522.586592,                15621.404513,                            6.431686,                            1.311138
TLS.Yahoo          ,                 1,           91,        70, Advertisement ,         101,    179,               4.000000,               0.000000,          573.759777,        24848.640617,           21.748603,           41.707749,       6785.553073,            3884937.934334,              138044.653631,            30243646.014107,         43476.821229,      14327916.068600,          3.175132,          0.117904,                14.865922,                90.116101,              65.407821,            1057.805749,                     0.227280,                     0.041126,                  101.480447,                 1654.819450,                            0.735128,                            0.087198
DCERPC             ,                 1,            0,       370, RPC           ,          16,    165,               7.127273,               1.456529,         1101.296970,       534338.475445,           32.339394,          217.399963,       6405.890909,           27794438.751736,               61283.460606,           415079614.902993,         30997.521212,     146711766.455611,          1.977044,          0.308168,                24.127273,              2447.989862,             244.369697,           80904.014839,                     0.098733,                     0.038410,                  182.521212,                 3455.098035,                            2.978311,                            2.583306
HTTP.Microsoft     ,                 1,            7,       212, Web           ,           5,    159,               4.012579,               0.024999,          453.025157,          546.666034,           12.440252,           24.875361,       4536.811321,           45997561.310312,               68554.723270,            20873052.212729,         36622.150943,      91286426.983505,          1.871947,          0.567398,                45.144654,              5552.979075,             421.540881,          224509.883549,                     0.107094,                     0.016779,                  276.182390,                20253.344092,                            4.028641,                            3.726368
NTP                ,                 1,            0,         9, System        ,          18,    148,               1.000000,               0.000000,           90.000000,            0.000000,          114.635135,        11538.353360,      10317.162162,           93460662.216947,                7663.047297,              108955.693709,          6807.337838,       3967933.385866,          1.125704,          0.268600,                14.506757,               284.317522,             124.912162,           39347.553095,                     0.116136,                     0.029374,                   38.891892,                  216.542367,                            5.075251,                            2.893375
LLMNR              ,                 1,            0,       154, Network       ,          14,    116,               1.000000,               0.000000,          109.775862,          767.208383,           22.094828,           24.637559,       2444.034483,             736958.464328,               18793.879310,            18116170.761296,         12214.568966,      42704104.124554,          1.538644,          1.058316,                22.379310,              3089.528537,             147.310345,           66709.834721,                     0.151919,                     0.013700,                   83.344828,                 2575.812128,                            4.434679,                            9.631531
SSDP               ,                 1,            0,        12, System        ,          18,    111,               1.000000,               0.000000,          214.963964,           38.737440,           54.369369,          171.854557,      11614.369369,            4561225.854557,               25169.837838,              133496.370100,         25384.837838,      24856199.325055,          0.991530,          0.078099,                36.288288,              2292.943917,             452.477477,          127446.231475,                     0.080199,                     0.000657,                  274.117117,                  406.625923,                           10.890699,                            0.438114
TLS.Cloudflare     ,                 1,           91,       220, Media         ,           1,    105,               4.000000,               0.000000,          447.028571,         2396.637279,           52.933333,         1111.795556,      29205.438095,          872991513.369977,              135688.142857,           168628061.627205,         42525.685714,      12091101.129796,          3.190734,          0.028933,                13.714286,                68.927891,              80.580952,            1775.291066,                     0.170193,                     0.042342,                   93.533333,                 1797.544127,                            0.689326,                            0.114556
QUIC.GoogleServices,                 1,          188,       239, Web           ,           5,    103,               1.000000,               0.000000,         1392.000000,            0.000000,           25.718447,          932.474126,      15874.883495,          834163396.724291,               16970.223301,               79496.367612,         12585.388350,      10527084.975398,          1.348407,          0.389978,                13.844660,               335.956452,             192.844660,           40610.189462,                     0.071792,                     0.021165,                   81.611650,                 1171.286078,                            4.809109,                            4.072619
HTTP.Microsoft365  ,                 1,            7,       219, Collaborative ,          15,     91,               4.000000,               0.000000,          560.736264,        49941.908465,           15.142857,           41.792779,       3154.285714,            2955392.599686,               60449.384615,           110643165.621302,         33605.648352,     191400406.821398,          1.798786,          0.514712,                39.307692,              3030.520710,             290.329670,          132638.199010,                     0.135390,                     0.033733,                  231.505495,                15798.184036,                            3.829741,                            1.627829
ICMP               ,                 1,            0,        81, Network       ,          14,     84,               1.000000,               0.000000,           94.000000,          735.714286,            7.988095,         1019.202239,        761.738095,            9561762.074263,                8002.404762,              306420.598073,          7793.678571,       5772808.337160,          1.026781,          0.262978,                14.952381,               199.164399,             112.869048,           33281.232851,                     0.132475,                     0.074019,                   73.154762,                  622.440334,                            9.141597,                            8.492815
TLS.Salesforce     ,                 1,           91,       266, Web           ,           5,     75,               4.000000,               0.000000,          485.653333,          536.199822,           26.546667,          567.501156,       7884.173333,          228048709.823289,              146247.746667,            10564946.429153,         50364.320000,      16966756.404267,          2.903797,          0.152813,                23.586667,               335.042489,             183.266667,           23828.542222,                     0.128701,                     0.030481,                  217.200000,                10027.280000,                            1.485151,                            0.485780
TLS.WindowsUpdate  ,                 1,           91,       147, SoftwareUpdate,          19,     67,               4.000000,               0.000000,          447.626866,           41.875696,           70.194030,         9404.275785,      89182.059701,        27093419078.085991,              155321.970149,            19130454.058811,         52940.865672,      24643877.340165,          2.933877,          0.214121,                27.179104,               506.893295,             205.164179,           74837.838717,                     0.132475,                     0.026564,                  213.537313,                 9787.741145,                            1.374804,                            0.427317
HTTP.WindowsUpdate ,                 1,            7,       147, SoftwareUpdate,          19,     66,               4.000000,               0.000000,          531.530303,         9475.733930,        78194.909091, 139767499576.628113,  105673939.984848, 246949121908885632.000000,               63046.712121,           181057988.235308,         33758.878788,     123770985.924702,          1.867559,          0.475910,                43.621212,              3966.023186,             516.045455,          577658.861570,                     0.084530,                     0.034703,                  209.969697,                10266.877870,                            3.330383,                            1.005786
TLS.Alibaba        ,                 1,           91,       274, Web           ,           5,     62,               4.000000,               0.000000,          497.693548,        13965.599636,           85.967742,        33175.773153,      68355.500000,        36903563074.637100,              137843.467742,             4957832.442509,         42177.580645,       5267273.469303,          3.268169,          0.080681,                19.096774,               219.990635,              76.403226,            2108.918054,                     0.249947,                     0.053098,                   77.032258,                 1294.482830,                            0.558839,                            0.069568
HTTP.AWS_Cloudfront,                 1,            7,       464, Cloud         ,          13,     59,               4.000000,               0.000000,          697.101695,       121821.006607,           48.593220,         5853.834530,      24903.983051,         6658443135.948865,               62001.762712,            47715590.045389,         29943.000000,     247231934.983051,          2.070660,          0.668746,                17.542373,               140.010916,             125.203390,            6093.246768,                     0.140111,                     0.036172,                  169.203390,                 6141.111175,                            2.729009,                            0.827201
TLS.VK             ,                 1,           91,        22, SocialNetwork ,           6,     57,               4.000000,               0.000000,          502.771930,        17047.755002,           90.771930,        18805.053247,      73487.596491,        23116252797.082794,              135462.982456,           100708162.894432,         42526.421053,      13525550.068329,          3.185384,          0.104380,                23.947368,               306.611265,              73.368421,            2159.285319,                     0.326399,                     0.040514,                   79.842105,                 1024.799631,                            0.589402,                            0.056733
TLS                ,                 1,            0,        91, AdultContent  ,          34,     54,               4.185185,               0.150892,          547.425926,        19900.725995,           49.148148,         1763.311385,      33499.296296,         2557093325.949245,              142837.500000,             4123245.398148,         44858.944444,       6157988.459877,          3.184148,          0.089052,                17.925926,               411.179698,              74.722222,            2496.348765,                     0.239901,                     0.023871,                   98.129630,                 1673.335048,                            0.687002,                            0.086069
HTTP.Yahoo         ,                 1,            7,        70, Web           ,           5,     48,               4.000000,               0.000000,          675.520833,        15908.541233,           18.604167,           63.655816,       3753.750000,           16653406.187500,               72786.604167,          1241101317.822482,         34597.562500,     339809167.912760,          2.103807,          0.201241,                20.520833,               220.916233,             142.937500,           17313.850260,                     0.143565,                     0.019450,                  250.354167,                55086.312066,                            3.439564,                            0.000000
TLS.IHeartRadio    ,                 1,           91,       325, Music         ,          25,     48,               4.000000,               0.000000,          419.875000,          197.026042,          137.270833,       107292.947483,     148679.187500,       189040097122.235687,               90929.229167,            50834434.176648,         31369.104167,      13676819.093316,          2.898687,          0.151178,                11.770833,                91.926649,              79.333333,           10318.597222,                     0.148372,                     0.040106,                   75.041667,                  952.623264,                            0.825276,                            0.088152
HTTP.SOAP          ,                 1,            7,       253, Collaborative ,          15,     46,               4.000000,               0.000000,          592.000000,            0.000000,           13.478261,            1.771267,       2888.304348,             160246.776938,               59912.282609,             1534755.985349,         28588.282609,      85666654.637524,          2.095694,          0.892362,                28.000000,              5794.956522,             204.804348,          123628.853025,                     0.136716,                     0.024561,                  147.869565,                12280.461248,                            2.468101,                            3.202448
TLS.Azure          ,                 1,           91,       276, Cloud         ,          13,     44,               4.000000,               0.000000,          480.613636,         5048.555269,          115.000000,        85297.090909,     109825.431818,       121909642498.654434,              143388.840909,            13944850.906509,         44762.886364,      11556507.600724,          3.203297,          0.141202,                19.136364,               206.208678,             133.613636,          108001.418905,                     0.143222,                     0.059556,                   89.909091,                 1603.128099,                            0.627030,                            0.079187
STUN               ,                 1,            0,        78, Network       ,          14,     42,               1.000000,               0.000000,           68.857143,            7.836735,           14.619048,         4332.426304,       1214.095238,           32113813.324263,                8027.023810,              268932.451814,          8175.214286,      19448273.739796,          0.981873,          0.588190,                45.238095,              7685.467120,              94.642857,           17874.324830,                     0.477987,                     0.014804,                   56.904762,                  706.514739,                            7.089148,                           10.909270
HTTP.Yahoo         ,                 1,            7,        70, Advertisement ,         101,     40,               4.000000,               0.000000,          843.750000,       163004.437500,           13.450000,           15.747500,       2356.325000,            2376972.869375,               80991.150000,           122627063.927501,         41201.975000,     100338540.974375,          1.965710,          0.307638,                25.675000,               168.869375,             254.700000,           52276.110000,                     0.100805,                     0.019667,                  330.925000,                15885.819375,                            4.085940,                            0.697033
TLS.Pinterest      ,                 1,           91,       183, SocialNetwork ,           6,     40,               4.000000,               0.000000,          461.725000,         2548.099375,           36.175000,          207.144375,      10185.100000,           59684322.890000,              137605.675000,             2486339.819378,         43126.750000,       3925521.587500,          3.190727,          0.060875,                17.725000,               111.499375,              71.550000,            2041.247500,                     0.247729,                     0.046025,                   92.225000,                  881.724375,                            0.670212,                            0.045367
HTTP.Facebook      ,                 1,            7,       119, SocialNetwork ,           6,     38,               4.000000,               0.000000,          618.394737,         2198.817867,           24.394737,           85.870499,      12908.342105,          106942361.961911,               61726.657895,            57894444.119806,         28894.868421,      91518185.009003,          2.136250,          0.393457,                20.605263,               168.238920,             259.473684,          162242.880886,                     0.079412,                     0.013276,                  154.605263,                21751.238920,                            2.504676,                            1.382868
HTTP.Twitter       ,                 1,            7,       120, SocialNetwork ,           6,     38,               4.000000,               0.000000,          743.947368,        11976.313019,           61.289474,        29273.626731,      57371.894737,        50323266933.304710,               64187.500000,           145764575.671052,         32261.078947,      82948507.441136,          1.989627,          0.322692,                26.342105,               381.804017,             198.631579,           33805.864266,                     0.132618,                     0.048183,                  200.421053,                 9887.612188,                            3.122431,                            0.646622
ICMPV6             ,                 1,            0,       102, Network       ,          14,     37,               1.000000,               0.000000,           80.378378,           92.073046,           44.621622,         1700.505478,       3737.351351,           14160646.065741,                7040.081081,              133048.939372,          8615.783784,      30011842.385683,          0.817114,          0.745301,                32.297297,              2615.830533,             180.918919,           67201.912345,                     0.178518,                     0.051488,                   49.486486,                  695.276844,                            7.029250,                           10.381896
TLS.MS_OneDrive    ,                 1,           91,       221, Cloud         ,          13,     33,               4.000000,               0.000000,          445.000000,           31.090909,           22.000000,            8.666667,       7711.696970,             338229.180900,              155740.484848,             6078834.007339,         55807.575758,      20293727.395776,          2.790669,          0.145636,                37.666667,               470.767677,             225.606061,           36609.511478,                     0.166958,                     0.011065,                  283.909091,                 5118.385675,                            1.822963,                            0.194911
TLS.GoTo           ,                 1,           91,       293, VoIP          ,          10,     32,               4.000000,               0.000000,          512.906250,        15151.084961,          577.906250,       490080.897461,     649898.468750,       716547713006.811523,              139414.500000,              751886.187500,         44663.843750,      62733366.194336,          3.121417,          0.496884,                18.562500,              1073.183594,             145.000000,           47480.937500,                     0.128017,                     0.089823,                  104.000000,                 8103.562500,                            0.745977,                            0.416703
TLS.Cloudflare     ,                 1,           91,       220, Web           ,           5,     31,               4.000000,               0.000000,          450.612903,         3321.914672,           54.774194,         5279.916753,      38211.903226,         6766414132.474506,              140609.580645,             5257757.920914,         43897.774194,      10032011.852237,          3.203114,          0.141026,                10.580645,                33.017690,              91.838710,           33193.812695,                     0.115209,                     0.069024,                  100.354839,                 2623.325702,                            0.713713,                            0.135067
TLS.RUTUBE         ,                 1,           91,       443, Media         ,           1,     30,               4.000000,               0.000000,          763.166667,        10302.605556,          201.333333,       102088.288889,     235321.033333,       187919492895.698883,              138326.600000,              875746.973331,         41691.833333,       5590751.005555,          3.317834,          0.098773,                14.533333,                82.182222,              45.100000,            1784.023333,                     0.322247,                     0.117500,                   70.333333,                 1442.355556,                            0.508458,                            0.076591
HTTP.AWS_S3        ,                 1,            7,       463, Cloud         ,          13,     25,               4.000000,               0.000000,          607.200000,         4128.240000,           21.720000,          169.401600,       9039.200000,          251201349.520000,               58097.800000,            23115622.480000,         26112.000000,       5999792.080000,          2.224946,          0.043507,                12.840000,                47.654400,              79.400000,            1761.920000,                     0.161713,                     0.020599,                  145.160000,                  974.054400,                            2.498546,                            0.175701
SMTPS              ,                 1,            0,        29, Email         ,           3,     24,               4.000000,               0.000000,          400.666667,           40.888889,           50.291667,            0.706597,       5513.041667,             531470.456597,               72772.083333,              156020.243056,         31798.375000,      24672480.151042,          2.288547,          0.259448,                16.041667,               455.456597,             279.000000,          249309.166667,                     0.057497,                     0.019962,                  199.083333,                 1825.493056,                            2.735710,                            0.326951
HTTP.Cloudflare    ,                 1,            7,       220, Media         ,           1,     22,               4.000000,               0.000000,          617.363636,          978.049587,           21.363636,            5.776860,       3791.500000,            1293679.431818,               59001.136364,             2330239.390496,         28083.454545,       7357038.975207,          2.100922,          0.100561,                21.909091,                90.991736,             244.954545,           62251.952479,                     0.089441,                     0.019560,                  156.272727,                 1051.016529,                            2.648639,                            0.280994
TLS.Cachefly       ,                 1,           91,       289, Cloud         ,          13,     22,               4.000000,               0.000000,          427.000000,          214.909091,           42.090909,          216.719008,      12291.227273,           36264694.266529,               92282.772727,               80988.993803,         34493.227273,       5396467.084711,          2.675388,          0.106209,                18.454545,               126.429752,             136.272727,            4623.743802,                     0.135424,                     0.016950,                  116.500000,                 1519.340909,                            1.262424,                            0.177088
HTTP.Canonical     ,                 1,            7,       169, Cloud         ,          13,     21,               4.000000,               0.000000,          483.857143,         2621.836735,          237.952381,       194700.997732,     280186.761905,       294577944129.800476,               50556.476190,             6567420.344671,         24830.190476,      27254151.011338,          2.036089,          0.490394,                14.047619,               257.950113,             251.190476,           81105.868481,                     0.055924,                     0.006093,                  127.333333,                 2767.650794,                            2.518635,                            1.128443
TLS.Tumblr         ,                 1,           91,        90, SocialNetwork ,           6,     20,               4.000000,               0.000000,          686.800000,        17429.460000,           29.750000,           22.887500,       5257.150000,            5413055.127500,              138960.750000,              758305.387501,         43754.400000,       1565326.140000,          3.175926,          0.021936,                16.500000,               108.550000,              89.100000,            1744.390000,                     0.185185,                     0.026669,                   97.900000,                  188.990000,                            0.704515,                            0.009188
TLS.Tor            ,                 1,           91,       163, VPN           ,           2,     19,               4.000000,               0.000000,          441.105263,          316.515235,           21.368421,           63.180055,       6563.368421,           16502123.916898,              144395.368421,           126473630.337948,         46174.263158,      14452062.404432,          3.127183,          0.102666,                19.000000,               156.631579,              73.842105,            1418.975069,                     0.257306,                     0.030524,                  110.789474,                 3157.429363,                            0.767265,                            0.167674
BJNP               ,                 1,            0,       204, System        ,          18,     19,               1.000000,               0.000000,           67.578947,           78.980609,          215.842105,        40529.080332,      14886.947368,          200231944.155125,                7323.894737,              371602.936288,          6119.736842,      10536330.193906,          1.196766,          0.546156,                10.789474,              1092.797784,              39.210526,            3777.429363,                     0.275168,                     0.000000,                   29.315789,                  222.847645,                            4.002760,                            3.976652
IRC                ,                 1,            0,        65, Chat          ,           9,     18,              17.222222,               0.395062,         1316.555556,         1935.802469,           51.777778,           25.728395,       4064.444444,             114171.358025,              126491.222222,             3860801.061729,         91080.111111,     212663960.987655,          1.388791,          0.121194,                47.666667,             11313.666667,            1053.444444,          103661.691358,                     0.045248,                     0.005876,                  809.111111,                14759.209877,                            6.396579,                            0.902026
TLS.NetFlix        ,                 1,           91,       133, Video         ,          26,     18,               4.000000,               0.000000,          438.555556,            5.802469,           36.500000,          548.138889,      19324.611111,          738154453.348765,              139572.000000,             1226750.444443,         41975.277778,       1970310.978395,          3.325100,          0.033885,                14.777778,                47.061728,              56.222222,             672.061728,                     0.262846,                     0.061526,                   66.277778,                  458.756173,                            0.474864,                            0.023894
HTTP.AmazonAWS     ,                 1,            7,       265, Cloud         ,          13,     18,               4.000000,               0.000000,          585.611111,         7678.793210,           27.888889,           40.876543,       2358.888889,             172429.987654,               68217.500000,           567132703.138889,         33464.166667,     178767371.027778,          2.038524,          0.154803,                26.055556,               367.719136,             153.111111,            4863.765432,                     0.170174,                     0.015791,                  220.333333,                25081.555556,                            3.229865,                            0.000000
QUIC.YouTube       ,                 1,          188,       124, Media         ,           1,     17,               1.000000,               0.000000,         1392.000000,            0.000000,           40.000000,         1008.352941,      22501.235294,          850117900.768166,               14479.470588,              615154.013841,          8994.705882,       2327326.442907,          1.609777,          0.166506,                13.235294,                96.768166,              73.588235,            4253.889273,                     0.179856,                     0.059164,                   45.058824,                  356.408304,                            3.111911,                            1.537217
HTTP               ,                 1,            0,         7, Media         ,           1,     16,               4.000000,               0.000000,          600.750000,         2208.562500,           56.000000,         1115.750000,      41384.687500,         1633277712.339844,               65729.937500,            69127851.183594,         30035.250000,      37971367.312500,          2.188427,          0.220263,                25.875000,              1019.984375,             149.437500,           37371.371094,                     0.173149,                     0.036346,                  170.250000,                 6878.062500,                            2.590144,                            0.975082
MDNS               ,                 1,            0,         8, Network       ,          14,     15,               1.000000,               0.000000,          193.800000,         7393.493333,          776.266667,       241458.995556,     104851.800000,         3557114037.360001,               19245.866667,            24099869.182222,         15213.600000,      50527319.706667,          1.265044,          0.456114,                17.733333,              1789.528889,             214.600000,          216118.506667,                     0.082634,                     0.005523,                  152.733333,                 3138.195556,                            7.935903,                            6.250084
TLS.Github         ,                 1,           91,       203, Collaborative ,          15,     15,               4.000000,               0.000000,          441.600000,           30.506667,           49.733333,         2208.995556,      37885.933333,         2462494444.328889,              140008.800000,             2674034.826668,         42037.066667,       7433243.262222,          3.330603,          0.121209,                 5.000000,                38.800000,              35.266667,             485.128889,                     0.141777,                     0.009040,                   52.466667,                  420.382222,                            0.374738,                            0.021378
TLS.Instagram      ,                 1,           91,       211, SocialNetwork ,           6,     15,               4.000000,               0.000000,          448.600000,           31.440000,           93.066667,        14204.462222,      84558.400000,        22613609867.706665,              140390.533333,              475720.115559,         43439.133333,       9191004.515556,          3.231891,          0.131532,                17.600000,               482.373333,              97.400000,            5051.973333,                     0.180698,                     0.033269,                   67.133333,                  529.582222,                            0.478190,                            0.026938
HTTP.DisneyPlus    ,                 1,            7,        71, Streaming     ,          17,     14,               4.000000,               0.000000,         1150.000000,       327532.142857,           76.428571,        11565.530612,      79271.571429,        20291586956.959183,              189735.285714,         21620854467.346939,         83144.428571,    3770537011.102041,          2.281996,          0.000000,                57.928571,              7248.494898,             395.000000,          181229.428571,                     0.146655,                     0.022079,                  637.785714,               323409.168367,                            3.361450,                            1.580487
TLS.GoogleMaps     ,                 1,           91,       123, Web           ,           5,     14,               4.000000,               0.000000,          448.357143,          243.086735,          154.857143,        82586.836735,     118402.357143,        70006277953.943878,              139075.928571,              132698.923466,         42250.357143,       2556824.372449,          3.291710,          0.043753,                11.214286,                64.454082,              72.642857,            3582.372449,                     0.154376,                     0.036368,                   70.785714,                  795.596939,                            0.508972,                            0.040608
TLS.DirecTV        ,                 1,           91,       318, Streaming     ,          17,     13,               4.000000,               0.000000,          663.461538,        28811.940828,          146.769231,        18940.331361,     152916.538462,        29664875375.633133,              136106.769231,           172610628.946751,         41560.230769,       4623496.485207,          3.274928,          0.026375,                14.846154,                71.976331,              72.846154,            3162.899408,                     0.203801,                     0.061838,                   77.615385,                 1270.082840,                            0.570254,                            0.219133
IGMP               ,                 1,            0,        82, Network       ,          14,     12,               1.000000,               0.000000,           60.000000,            0.000000,            4.416667,           14.076389,        265.333333,              50778.888889,                6475.333333,             2857791.555556,          8014.000000,      51080211.333333,          0.808003,          0.510331,                30.083333,              3255.243056,             175.083333,           46259.076389,                     0.171823,                     0.005240,                   59.750000,                 1068.687500,                            9.227324,                            0.000000
HTTP.Huawei        ,                 1,            7,       398, Web           ,           5,     12,               4.000000,               0.000000,          572.416667,          482.243056,           93.000000,         4632.000000,      75271.583333,         6752217760.576390,               55462.416667,             3345028.909722,         23533.666667,      12909654.388889,          2.356727,          0.326122,                17.000000,                45.166667,             138.666667,           18405.222222,                     0.122596,                     0.024367,                  111.666667,                 3922.722222,                            2.013375,                            1.219648
TLS.Huawei         ,                 1,           91,       398, Web           ,           5,     12,               4.000000,               0.000000,          725.666667,        15049.555556,           85.916667,         3167.576389,      59336.166667,         4376417394.472223,              140116.583333,              816011.243053,         44153.083333,      20410779.409722,          3.173427,          0.304865,                15.833333,               156.472222,              48.166667,            1638.138889,                     0.328720,                     0.033356,                  122.750000,                 9832.687500,                            0.876056,                            0.521964
TLS.Taobao         ,                 1,           91,       436, Shopping      ,          27,     12,               4.166667,               0.138889,          521.250000,        22038.687500,           29.583333,          112.743056,       9236.500000,           44944373.083333,              142021.250000,            15615379.854168,         43675.416667,       2814896.409723,          3.251743,          0.020989,                18.666667,                80.222222,              79.583333,            1232.243056,                     0.234555,                     0.052594,                   83.666667,                  575.055556,                            0.589114,                            0.026715
HTTP.Espn          ,                 1,            7,       466, Streaming     ,          17,     12,               4.000000,               0.000000,          566.333333,            0.388889,          253.083333,         2359.743056,     274219.666667,         4353582653.555542,               76992.916667,               99090.243054,         32667.000000,      68252630.000000,          2.356902,          0.757567,                33.583333,               360.909722,             246.083333,          127399.743056,                     0.136471,                     0.046388,                  163.583333,                26960.409722,                            2.124654,                            4.540470
NetBIOS.SMBv1      ,                 1,           10,        16, System        ,          18,     11,               3.181818,              21.421488,          551.000000,       378759.636364,          466.727273,       136524.561983,     123260.727273,         9973619915.834709,               30774.181818,          1688084842.876033,         22896.181818,     860851171.239669,          1.344075,          0.000000,                11.454545,               339.157025,             190.545455,          141194.975207,                     0.060115,                     0.063647,                  225.363636,                77990.958678,                            7.323140,                           12.610806
TLS.Apple          ,                 1,           91,       140, Web           ,           5,     11,               4.000000,               0.000000,          413.454545,          209.884298,         1628.727273,      6212668.380165,    1697505.545455,      6331770536893.703125,               89405.363636,             2779639.140496,         35391.181818,      70275719.421488,          2.526205,          0.740893,                22.727273,               511.652893,             305.636364,          494686.413223,                     0.074360,                     0.085220,                  111.909091,                 4938.082645,                            1.251704,                            0.599899
HTTP.SOAP          ,                 1,            7,       253, Web           ,           5,     11,               4.000000,               0.000000,          594.000000,          250.000000,           28.090909,          122.628099,      19075.636364,           75363556.958678,               59246.272727,              494077.289256,         30560.727273,       9198852.743802,          1.938641,          0.115952,                52.000000,               463.636364,             158.818182,            3111.421488,                     0.327418,                     0.018162,                  159.272727,                 1428.925620,                            2.688316,                            0.412339
TLS.AmazonAWS      ,                 1,           91,       265, Cloud         ,          13,     11,               4.000000,               0.000000,          497.545455,          814.975207,           25.727273,           30.743802,       8776.090909,            4958639.173554,              149724.272727,            55526762.743797,         48088.181818,      14926713.239670,          3.113536,          0.095401,                14.000000,                62.181818,              92.636364,            3563.867769,                     0.151129,                     0.024551,                  126.000000,                 4880.363636,                            0.841547,                            0.176725
TLS.Deezer         ,                 1,           91,       210, Music         ,          25,     10,               4.000000,               0.000000,          449.600000,          278.440000,           30.200000,          131.760000,      18385.300000,          124242553.410000,              138869.600000,              184158.040001,         48731.000000,       7653132.000000,          2.849718,          0.082264,                33.700000,                79.010000,             141.100000,            1861.690000,                     0.238838,                     0.004104,                  178.100000,                 4679.890000,                            1.282498,                            0.245241
HTTP.QQ            ,                 1,            7,        48, Chat          ,           9,      9,               4.000000,               0.000000,          687.000000,        36282.000000,           61.888889,         2452.320988,      45272.888889,         2539366563.876543,               61054.777778,           171069794.172839,         28787.777778,     165582503.950617,          2.120858,          0.695207,                37.888889,              3403.654321,             268.000000,          234697.111111,                     0.141376,                     0.085457,                  178.666667,                26506.222222,                            2.926334,                            0.588402
HTTP.Mozilla       ,                 1,            7,       125, Web           ,           5,      8,               4.000000,               0.000000,          723.125000,        18014.859375,         4417.375000,     19909242.234375,    5508083.125000,     30421156339598.359375,               67732.625000,           103532855.234375,         43210.125000,     240158243.109375,          1.567517,          0.596153,                98.000000,             14318.000000,             853.250000,          580023.937500,                     0.114855,                     0.003160,                  384.750000,                49481.687500,                            5.680424,                            2.260672
TLS.DisneyPlus     ,                 1,           91,        71, Streaming     ,          17,      7,               4.000000,               0.000000,          581.857143,        24630.122449,          170.000000,        21863.142857,     166830.857143,        29041811873.836735,              144165.857143,             5809229.551022,         45824.142857,       3020134.408164,          3.146068,          0.049376,                11.857143,               128.408163,              67.142857,             961.836735,                     0.176596,                     0.040064,                  124.714286,                 1065.918367,                            0.865075,                            0.053436
TLS.Xiaomi         ,                 1,           91,       287, Web           ,           5,      7,               4.000000,               0.000000,          435.857143,            2.122449,           18.142857,            1.265306,       6819.000000,              13516.857143,              137941.857143,             4724782.408165,         45503.714286,      19200953.918368,          3.031442,          0.219402,                18.714286,               189.918367,              74.714286,            1341.061224,                     0.250478,                     0.022788,                  162.571429,                12873.102041,                            1.178550,                            0.642671
HTTP.Naver         ,                 1,            7,       433, Web           ,           5,      7,               4.000000,               0.000000,          832.857143,        16172.408163,           14.000000,           96.000000,       2752.000000,            7085790.857143,              162381.714286,          2031008251.346939,         85524.142857,     671791154.408163,          1.898665,          0.206564,               175.571429,              7300.244898,             904.571429,          284427.387755,                     0.194093,                     0.009749,                  928.571429,               125657.959184,                            5.718448,                            0.000000
HTTP.AppleiTunes   ,                 1,            7,       145, Streaming     ,          17,      6,               4.000000,               0.000000,          575.666667,          359.222222,           36.666667,            4.888889,       9080.666667,              51879.222222,               59033.166667,              125549.138889,         28169.833333,      15091207.472222,          2.095616,          0.214275,                27.666667,               159.888889,             104.666667,            2479.222222,                     0.264331,                     0.033522,                  141.833333,                 1435.472222,                            2.402604,                            0.383674
HTTP.Apple         ,                 1,            7,       140, Web           ,           5,      5,               4.000000,               0.000000,          787.200000,          153.760000,           10.000000,            0.000000,       1483.400000,                231.040000,               67142.000000,            22374292.000000,         37341.600000,      86076075.440000,          1.798048,          0.495170,                25.800000,               352.960000,             636.000000,          449586.800000,                     0.040566,                     0.029382,                  300.600000,                14946.640000,                            4.477078,                            2.541963
TLS.PlayStore      ,                 1,           91,       228, SoftwareUpdate,          19,      5,               4.000000,               0.000000,          440.400000,            3.840000,           37.000000,          252.800000,      10014.600000,           10230456.640000,              141721.000000,             2590232.799999,         47888.600000,      25941227.440000,          2.959389,          0.281888,                32.400000,               143.840000,              90.600000,            3485.440000,                     0.357616,                     0.069749,                  186.800000,                 9636.560000,                            1.318083,                            0.511416
DHCPV6             ,                 1,            0,       103, Network       ,          14,      4,               1.000000,               0.000000,          163.000000,           12.000000,         4850.000000,      6774621.500000,     799522.000000,       185518376929.500000,               13791.500000,               84604.250000,         20422.000000,      27465961.000000,          0.675326,          0.108784,                63.250000,              1062.687500,             390.000000,           33356.500000,                     0.162179,                     0.000319,                  163.250000,                  556.687500,                           11.837001,                            3.395131
TLS.TeamViewer     ,                 1,           91,       148, RemoteAccess  ,          12,      4,               4.000000,               0.000000,          450.250000,            9.187500,          297.000000,        78425.000000,     330260.500000,       104973743752.750000,              137694.750000,            10006362.187500,         52113.500000,      70594651.250000,          2.642209,          0.501592,                46.000000,               769.500000,             388.250000,          182444.687500,                     0.118480,                     0.024889,                  253.250000,                 6385.687500,                            1.839213,                            0.283174
HTTP.Instagram     ,                 1,            7,       211, SocialNetwork ,           6,      4,               4.000000,               0.000000,          566.000000,           22.000000,           43.000000,          121.000000,      23632.500000,             668258.750000,               54591.250000,              326441.687500,         27420.250000,       4868146.687500,          1.990910,          0.083061,                20.000000,               119.500000,             127.000000,            7592.500000,                     0.157480,                     0.021235,                  157.250000,                  788.187500,                            2.880498,                            0.282013
TLS.Pastebin       ,                 1,           91,       232, Download      ,           7,      4,               4.000000,               0.000000,          440.000000,           29.000000,          177.250000,        21111.187500,     104757.500000,         8876872662.750000,              136445.000000,             1721304.000000,         44056.000000,       4087045.000000,          3.097081,          0.056736,                15.000000,               128.500000,              90.250000,            1731.187500,                     0.166205,                     0.014904,                  153.500000,                 4970.750000,                            1.124995,                            0.271855
TLS.DigitalOcean   ,                 1,           91,       442, Web           ,           5,      4,               4.000000,               0.000000,          441.000000,            0.000000,          319.750000,        81110.687500,     346311.750000,       113771131363.187500,              136592.000000,               28293.500000,         46826.500000,      18302856.750000,          2.916981,          0.203784,                15.500000,                84.250000,             216.000000,           59653.500000,                     0.071759,                     0.023044,                  165.250000,                 8689.687500,                            1.209807,                            0.464531
HTTP.Yandex        ,                 1,            7,        25, Web           ,           5,      3,               4.000000,               0.000000,          642.333333,         3809.555556,           22.666667,          206.888889,      11816.666667,          159243716.222222,               57757.333333,             7182251.555555,         27170.000000,       1782446.000000,          2.125776,          0.005839,                25.666667,               337.555556,             115.333333,             296.222222,                     0.222543,                     0.009385,                  131.666667,                  130.888889,                            2.279653,                            0.061638
TLS.Amazon         ,                 1,           91,       178, Web           ,           5,      3,               4.000000,               0.000000,          464.666667,           88.888889,           41.666667,          304.888889,      17889.666667,           83839494.888889,              146782.666667,             6566468.222225,         43930.666667,         20994.888889,          3.341235,          0.002749,                18.333333,                10.888889,              76.666667,             286.888889,                     0.239130,                     0.009979,                   87.000000,                  348.666667,                            0.592713,                            0.019868
QUIC               ,                 1,            0,       188, Web           ,           5,      3,               1.000000,               0.000000,         1392.000000,            0.000000,          248.000000,       120050.666667,     229854.333333,       103631048594.888885,               25749.666667,              404497.555555,         15426.000000,       1065124.666667,          1.669238,          0.036156,                27.333333,               410.888889,              93.000000,             456.000000,                     0.293907,                     0.092088,                   83.666667,                  934.888889,                            3.249233,                            1.485739
HTTP.MpegDash      ,                 1,            7,       291, Advertisement ,         101,      3,               4.000000,               0.000000,          999.000000,         8474.000000,          962.666667,      1773552.888889,    1071913.000000,      2284714457084.666504,               65636.000000,            32249874.666667,         29597.333333,       5676123.555556,          2.217632,          0.018102,                56.333333,               240.888889,             137.666667,             782.888889,                     0.409201,                     0.021481,                  184.000000,                  288.666667,                            2.803340,                            0.291628
HTTP.Dailymotion   ,                 1,            7,       322, Streaming     ,          17,      3,               4.000000,               0.000000,          530.000000,            0.000000,           58.000000,            4.666667,      38320.000000,           17723798.000000,               51757.333333,               24507.555555,         20998.000000,        673040.666667,          2.464870,          0.025829,                19.333333,                 1.555556,              88.333333,            2290.888889,                     0.218868,                     0.035415,                   66.666667,                  530.888889,                            1.288062,                            0.200367
TLS.Naver          ,                 1,           91,       433, Web           ,           5,      3,               4.000000,               0.000000,          452.666667,          150.222222,           29.333333,          193.555556,       9301.333333,           13847626.888889,              137857.666667,               11553.555557,         43034.000000,       2866878.000000,          3.203459,          0.046195,                20.666667,               160.222222,              53.666667,               1.555556,                     0.385093,                     0.048007,                   93.666667,                  266.888889,                            0.679445,                            0.013802
TLS.ParamountPlus  ,                 1,           91,       439, Streaming     ,          17,      3,               4.000000,               0.000000,          433.000000,            2.000000,           26.000000,           16.666667,       9660.333333,           14380876.222222,              141221.666667,                9857.555561,         44902.333333,      10016329.555555,          3.145085,          0.145316,                37.666667,               219.555556,             115.000000,            2944.666667,                     0.327536,                     0.032916,                   97.666667,                 1240.888889,                            0.691584,                            0.062192
TLS.AWS_API_Gateway,                 1,           91,       459, Cloud         ,          13,      3,               4.000000,               0.000000,          488.666667,           37.555556,           41.666667,          138.888889,      12700.333333,           10901336.888889,              151106.666667,               73504.888893,         51523.333333,       5267029.555555,          2.932781,          0.051861,                 8.000000,                 0.666667,             118.333333,            2958.222222,                     0.067606,                     0.002940,                  189.666667,                 4505.555556,                            1.255184,                            0.200836
TLS.BitTorrent     ,                 1,           91,        37, Download      ,           7,      2,               4.000000,               0.000000,          437.000000,            4.000000,          273.000000,        38809.000000,     254901.500000,        40578275040.250000,              138992.000000,               28224.000000,         49123.000000,         89401.000000,          2.829469,          0.001137,                40.000000,               441.000000,             150.000000,            2916.000000,                     0.266667,                     0.135103,                  175.500000,                11130.250000,                            1.262663,                            0.580780
HTTP.Xbox          ,                 1,            7,        47, Game          ,           8,      2,               4.000000,               0.000000,          384.000000,            0.000000,           10.500000,            0.250000,       1096.000000,                900.000000,               47992.500000,               20022.250000,         22078.000000,       1401856.000000,          2.173770,          0.044013,                27.500000,               110.250000,             115.000000,             100.000000,                     0.239130,                     0.017552,                  110.000000,                  900.000000,                            2.292025,                            0.407792
HTTP.GoogleMaps    ,                 1,            7,       123, Web           ,           5,      2,               4.000000,               0.000000,          569.500000,           20.250000,           32.000000,            0.000000,       5158.000000,             744769.000000,               53771.500000,                 462.250000,         21139.500000,       1363056.250000,          2.543651,          0.058934,                 9.000000,                 1.000000,              27.500000,             156.250000,                     0.327273,                     0.135115,                   72.000000,                  225.000000,                            1.338999,                            0.077221
HTTP.Cloudflare    ,                 1,            7,       220, Web           ,           5,      2,               4.000000,               0.000000,          599.000000,         1521.000000,           44.000000,            4.000000,      25685.500000,               5550.250000,               55411.500000,              166872.250000,         25869.000000,       1221025.000000,          2.142004,          0.031242,                18.500000,                12.250000,              52.000000,              49.000000,                     0.355769,                     0.025253,                  158.500000,                 1806.250000,                            2.860417,                            0.654404
TLS.SoundCloud     ,                 1,           91,       234, Music         ,          25,      2,               4.000000,               0.000000,          439.000000,            0.000000,           30.000000,          196.000000,       8453.500000,            6207572.250000,              138937.000000,               21025.000000,         43193.500000,       4090506.250000,          3.216618,          0.070347,                 3.000000,                 1.000000,              45.000000,             676.000000,                     0.066667,                     0.002683,                  105.000000,                  676.000000,                            0.755738,                            0.035612
HTTP.SOAP          ,                 1,            7,       253, SoftwareUpdate,          19,      2,               4.000000,               0.000000,          647.000000,            0.000000,           14.000000,            1.000000,       6967.500000,             916806.250000,               61692.000000,                2304.000000,         41257.500000,      23382060.250000,          1.495292,          0.095131,                56.500000,               552.250000,             585.500000,           83810.250000,                     0.096499,                     0.001082,                  314.000000,                  900.000000,                            5.089801,                            0.244225
HTTP.Alibaba       ,                 1,            7,       274, Web           ,           5,      2,               4.000000,               0.000000,          551.000000,           81.000000,           21.500000,          132.250000,      15611.000000,          206870689.000000,               60272.500000,              689730.250000,         31962.500000,       1017072.250000,          1.885725,          0.017512,                32.500000,                12.250000,             211.500000,           15500.250000,                     0.153664,                     0.065724,                  210.000000,                  400.000000,                            3.484176,                            0.180835
HTTP.Azure         ,                 1,            7,       276, Cloud         ,          13,      2,               4.000000,               0.000000,          637.500000,         8010.250000,           77.000000,         1681.000000,      61408.500000,         2801955422.250000,               72327.000000,           145154304.000000,         41477.000000,      86490000.000000,          1.743786,          0.094530,                69.500000,               380.250000,             838.000000,          483025.000000,                     0.082936,                     0.055935,                  288.500000,                13806.250000,                            3.988829,                            0.000000
HTTP.AccuWeather   ,                 1,            7,       280, Web           ,           5,      2,               4.000000,               0.000000,          629.000000,            0.000000,           15.500000,            0.250000,       5764.500000,               3906.250000,               73924.000000,               70225.000000,         41082.500000,       2587272.250000,          1.799404,          0.013147,                17.000000,                 1.000000,             356.000000,           17956.000000,                     0.047753,                     0.000992,                  345.000000,                   64.000000,                            4.666955,                            0.019794
HTTP.MpegDash      ,                 1,            7,       291, Media         ,           1,      2,               4.000000,               0.000000,          660.000000,            9.000000,          970.500000,       784110.250000,    1136598.500000,      1059749801922.250000,               70971.500000,               21170.250000,         36753.000000,      30680521.000000,          1.931040,          0.268862,                 8.500000,                72.250000,             115.000000,            4900.000000,                     0.073913,                     0.000000,                  240.000000,                  729.000000,                            3.381639,                            0.155426
AWS_EC2            ,                 1,            0,       461, Cloud         ,          13,      2,              21.000000,               1.000000,         7767.000000,         4356.000000,         1644.500000,      2574420.250000,     543154.000000,       284413156416.000000,              292647.500000,             9311652.250000,        134553.000000,     279792529.000000,          2.174961,          0.200326,                47.000000,                 4.000000,             956.000000,          541696.000000,                     0.049163,                     0.018922,                  846.500000,                87320.250000,                            2.892558,                            0.900804
HTTP.VK            ,                 1,            7,        22, SocialNetwork ,           6,      1,               4.000000,               0.000000,          513.000000,            0.000000,           49.000000,            0.000000,      29651.000000,                  0.000000,               49481.000000,                   0.000000,         24796.000000,             0.000000,          1.995523,          0.000000,                49.000000,                 0.000000,              82.000000,               0.000000,                     0.597561,                     0.000000,                  116.000000,                    0.000000,                            2.344334,                            0.000000
HTTP.YouTube       ,                 1,            7,       124, Media         ,           1,      1,               4.000000,               0.000000,          650.000000,            0.000000,           35.000000,            0.000000,       7487.000000,                  0.000000,               54455.000000,                   0.000000,         26928.000000,             0.000000,          2.022245,          0.000000,                10.000000,                 0.000000,             219.000000,               0.000000,                     0.045662,                     0.000000,                  165.000000,                    0.000000,                            3.030025,                            0.000000
TLS.AppleiTunes    ,                 1,           91,       145, Streaming     ,          17,      1,               4.000000,               0.000000,          477.000000,            0.000000,           48.000000,            0.000000,      14705.000000,                  0.000000,              142020.000000,                   0.000000,         44891.000000,             0.000000,          3.163663,          0.000000,                13.000000,                 0.000000,              82.000000,               0.000000,                     0.158537,                     0.000000,                   84.000000,                    0.000000,                            0.591466,                            0.000000
TLS.KakaoTalk      ,                 1,           91,       193, Chat          ,           9,      1,               4.000000,               0.000000,          436.000000,            0.000000,           19.000000,            0.000000,       6802.000000,                  0.000000,              138230.000000,                   0.000000,         46787.000000,             0.000000,          2.954453,          0.000000,                28.000000,                 0.000000,             118.000000,               0.000000,                     0.237288,                     0.000000,                  149.000000,                    0.000000,                            1.077914,                            0.000000
HTTP.KakaoTalk     ,                 1,            7,       193, Chat          ,           9,      1,               4.000000,               0.000000,          850.000000,            0.000000,           13.000000,            0.000000,       2166.000000,                  0.000000,               56521.000000,                   0.000000,         26406.000000,             0.000000,          2.140461,          0.000000,                28.000000,                 0.000000,             106.000000,               0.000000,                     0.264151,                     0.000000,                  174.000000,                    0.000000,                            3.078502,                            0.000000
TLS.Twitch         ,                 1,           91,       195, Video         ,          26,      1,               4.000000,               0.000000,          485.000000,            0.000000,          257.000000,            0.000000,     276739.000000,                  0.000000,              143096.000000,                   0.000000,         47138.000000,             0.000000,          3.035682,          0.000000,                25.000000,                 0.000000,             110.000000,               0.000000,                     0.227273,                     0.000000,                  100.000000,                    0.000000,                            0.698832,                            0.000000
HTTP.MS_OneDrive   ,                 1,            7,       221, Cloud         ,          13,      1,               4.000000,               0.000000,          411.000000,            0.000000,           10.000000,            0.000000,       1846.000000,                  0.000000,               46223.000000,                   0.000000,         20812.000000,             0.000000,          2.220978,          0.000000,                 4.000000,                 0.000000,              79.000000,               0.000000,                     0.050633,                     0.000000,                   99.000000,                    0.000000,                            2.141791,                            0.000000
TLS.GoogleDocs     ,                 1,           91,       241, Collaborative ,          15,      1,               4.000000,               0.000000,          449.000000,            0.000000,           38.000000,            0.000000,       8876.000000,                  0.000000,              135590.000000,                   0.000000,         47822.000000,             0.000000,          2.835306,          0.000000,                18.000000,                 0.000000,             134.000000,               0.000000,                     0.134328,                     0.000000,                  269.000000,                    0.000000,                            1.983922,                            0.000000
HTTP.WebSocket     ,                 1,            7,       251, Web           ,           5,      1,               4.000000,               0.000000,          875.000000,            0.000000,          523.000000,            0.000000,      56983.000000,                  0.000000,               82867.000000,                   0.000000,         40048.000000,             0.000000,          2.069192,          0.000000,                11.000000,                 0.000000,             200.000000,               0.000000,                     0.055000,                     0.000000,                  291.000000,                    0.000000,                            3.511651,                            0.000000
TLS.Salesforce     ,                 1,           91,       266, Cloud         ,          13,      1,               4.000000,               0.000000,          476.000000,            0.000000,           73.000000,            0.000000,      24283.000000,                  0.000000,              141674.000000,                   0.000000,         42170.000000,             0.000000,          3.359592,          0.000000,                 7.000000,                 0.000000,              56.000000,               0.000000,                     0.125000,                     0.000000,                   72.000000,                    0.000000,                            0.508209,                            0.000000
