/home/zync/WORKSPACE/ndpi_speed/input/201706251400.pcap	201706251400.pcap	time	0	P	success	2026-04-17T01:58:29+08:00	2026-04-17T02:00:10+08:00	/home/zync/WORKSPACE/ndpi_speed/output/20260417_015829	/home/zync/WORKSPACE/ndpi_speed/mark5/build/ndpiBenchmarkMark5Time -c 0 -i /home/zync/WORKSPACE/ndpi_speed/input/201706251400.pcap -q
/home/zync/WORKSPACE/ndpi_speed/input/201706251400.pcap	201706251400.pcap	hardware	0	P	success	2026-04-17T02:00:10+08:00	2026-04-17T02:03:03+08:00	/home/zync/WORKSPACE/ndpi_speed/output/20260417_020010	/home/zync/WORKSPACE/ndpi_speed/mark5/build/ndpiBenchmarkMark5Hardware -c 0 -i /home/zync/WORKSPACE/ndpi_speed/input/201706251400.pcap -q
/home/zync/WORKSPACE/ndpi_speed/input/201706251400.pcap	201706251400.pcap	time	19	E	success	2026-04-17T02:03:03+08:00	2026-04-17T02:05:56+08:00	/home/zync/WORKSPACE/ndpi_speed/output/20260417_020303	/home/zync/WORKSPACE/ndpi_speed/mark5/build/ndpiBenchmarkMark5Time -c 19 -i /home/zync/WORKSPACE/ndpi_speed/input/201706251400.pcap -q
/home/zync/WORKSPACE/ndpi_speed/input/201706251400.pcap	201706251400.pcap	hardware	19	E	success	2026-04-17T02:05:56+08:00	2026-04-17T02:11:13+08:00	/home/zync/WORKSPACE/ndpi_speed/output/20260417_020556	/home/zync/WORKSPACE/ndpi_speed/mark5/build/ndpiBenchmarkMark5Hardware -c 19 -i /home/zync/WORKSPACE/ndpi_speed/input/201706251400.pcap -q
/home/zync/WORKSPACE/ndpi_speed/input/Monday-WorkingHours.pcap	Monday-WorkingHours.pcap	time	0	P	success	2026-04-17T02:11:13+08:00	2026-04-17T02:11:19+08:00	/home/zync/WORKSPACE/ndpi_speed/output/20260417_021113	/home/zync/WORKSPACE/ndpi_speed/mark5/build/ndpiBenchmarkMark5Time -c 0 -i /home/zync/WORKSPACE/ndpi_speed/input/Monday-WorkingHours.pcap -q
/home/zync/WORKSPACE/ndpi_speed/input/Monday-WorkingHours.pcap	Monday-WorkingHours.pcap	hardware	0	P	success	2026-04-17T02:11:19+08:00	2026-04-17T02:11:35+08:00	/home/zync/WORKSPACE/ndpi_speed/output/20260417_021119	/home/zync/WORKSPACE/ndpi_speed/mark5/build/ndpiBenchmarkMark5Hardware -c 0 -i /home/zync/WORKSPACE/ndpi_speed/input/Monday-WorkingHours.pcap -q
/home/zync/WORKSPACE/ndpi_speed/input/Monday-WorkingHours.pcap	Monday-WorkingHours.pcap	time	19	E	success	2026-04-17T02:11:35+08:00	2026-04-17T02:11:46+08:00	/home/zync/WORKSPACE/ndpi_speed/output/20260417_021135	/home/zync/WORKSPACE/ndpi_speed/mark5/build/ndpiBenchmarkMark5Time -c 19 -i /home/zync/WORKSPACE/ndpi_speed/input/Monday-WorkingHours.pcap -q
/home/zync/WORKSPACE/ndpi_speed/input/Monday-WorkingHours.pcap	Monday-WorkingHours.pcap	hardware	19	E	success	2026-04-17T02:11:46+08:00	2026-04-17T02:12:14+08:00	/home/zync/WORKSPACE/ndpi_speed/output/20260417_021146	/home/zync/WORKSPACE/ndpi_speed/mark5/build/ndpiBenchmarkMark5Hardware -c 19 -i /home/zync/WORKSPACE/ndpi_speed/input/Monday-WorkingHours.pcap -q
/home/zync/WORKSPACE/ndpi_speed/input/cap_traffic.pcap	cap_traffic.pcap	time	0	P	success	2026-04-17T02:12:14+08:00	2026-04-17T02:12:15+08:00	/home/zync/WORKSPACE/ndpi_speed/output/20260417_021214	/home/zync/WORKSPACE/ndpi_speed/mark5/build/ndpiBenchmarkMark5Time -c 0 -i /home/zync/WORKSPACE/ndpi_speed/input/cap_traffic.pcap -q
/home/zync/WORKSPACE/ndpi_speed/input/cap_traffic.pcap	cap_traffic.pcap	hardware	0	P	success	2026-04-17T02:12:15+08:00	2026-04-17T02:12:21+08:00	/home/zync/WORKSPACE/ndpi_speed/output/20260417_021215	/home/zync/WORKSPACE/ndpi_speed/mark5/build/ndpiBenchmarkMark5Hardware -c 0 -i /home/zync/WORKSPACE/ndpi_speed/input/cap_traffic.pcap -q
/home/zync/WORKSPACE/ndpi_speed/input/cap_traffic.pcap	cap_traffic.pcap	time	19	E	success	2026-04-17T02:12:21+08:00	2026-04-17T02:12:22+08:00	/home/zync/WORKSPACE/ndpi_speed/output/20260417_021221	/home/zync/WORKSPACE/ndpi_speed/mark5/build/ndpiBenchmarkMark5Time -c 19 -i /home/zync/WORKSPACE/ndpi_speed/input/cap_traffic.pcap -q
/home/zync/WORKSPACE/ndpi_speed/input/cap_traffic.pcap	cap_traffic.pcap	hardware	19	E	success	2026-04-17T02:12:22+08:00	2026-04-17T02:12:32+08:00	/home/zync/WORKSPACE/ndpi_speed/output/20260417_021222	/home/zync/WORKSPACE/ndpi_speed/mark5/build/ndpiBenchmarkMark5Hardware -c 19 -i /home/zync/WORKSPACE/ndpi_speed/input/cap_traffic.pcap -q
/home/zync/WORKSPACE/ndpi_speed/input/cap_traffic_fast.pcap	cap_traffic_fast.pcap	time	0	P	success	2026-04-17T02:12:32+08:00	2026-04-17T02:12:32+08:00	/home/zync/WORKSPACE/ndpi_speed/output/20260417_021232	/home/zync/WORKSPACE/ndpi_speed/mark5/build/ndpiBenchmarkMark5Time -c 0 -i /home/zync/WORKSPACE/ndpi_speed/input/cap_traffic_fast.pcap -q
/home/zync/WORKSPACE/ndpi_speed/input/cap_traffic_fast.pcap	cap_traffic_fast.pcap	hardware	0	P	success	2026-04-17T02:12:32+08:00	2026-04-17T02:12:32+08:00	/home/zync/WORKSPACE/ndpi_speed/output/20260417_021232	/home/zync/WORKSPACE/ndpi_speed/mark5/build/ndpiBenchmarkMark5Hardware -c 0 -i /home/zync/WORKSPACE/ndpi_speed/input/cap_traffic_fast.pcap -q
/home/zync/WORKSPACE/ndpi_speed/input/cap_traffic_fast.pcap	cap_traffic_fast.pcap	time	19	E	success	2026-04-17T02:12:32+08:00	2026-04-17T02:12:32+08:00	/home/zync/WORKSPACE/ndpi_speed/output/20260417_021232	/home/zync/WORKSPACE/ndpi_speed/mark5/build/ndpiBenchmarkMark5Time -c 19 -i /home/zync/WORKSPACE/ndpi_speed/input/cap_traffic_fast.pcap -q
/home/zync/WORKSPACE/ndpi_speed/input/cap_traffic_fast.pcap	cap_traffic_fast.pcap	hardware	19	E	success	2026-04-17T02:12:32+08:00	2026-04-17T02:12:32+08:00	/home/zync/WORKSPACE/ndpi_speed/output/20260417_021232	/home/zync/WORKSPACE/ndpi_speed/mark5/build/ndpiBenchmarkMark5Hardware -c 19 -i /home/zync/WORKSPACE/ndpi_speed/input/cap_traffic_fast.pcap -q
/home/zync/WORKSPACE/ndpi_speed/input/normal_1.pcap	normal_1.pcap	time	0	P	success	2026-04-17T02:12:32+08:00	2026-04-17T02:12:33+08:00	/home/zync/WORKSPACE/ndpi_speed/output/20260417_021232	/home/zync/WORKSPACE/ndpi_speed/mark5/build/ndpiBenchmarkMark5Time -c 0 -i /home/zync/WORKSPACE/ndpi_speed/input/normal_1.pcap -q
/home/zync/WORKSPACE/ndpi_speed/input/normal_1.pcap	normal_1.pcap	hardware	0	P	success	2026-04-17T02:12:33+08:00	2026-04-17T02:12:34+08:00	/home/zync/WORKSPACE/ndpi_speed/output/20260417_021233	/home/zync/WORKSPACE/ndpi_speed/mark5/build/ndpiBenchmarkMark5Hardware -c 0 -i /home/zync/WORKSPACE/ndpi_speed/input/normal_1.pcap -q
/home/zync/WORKSPACE/ndpi_speed/input/normal_1.pcap	normal_1.pcap	time	19	E	success	2026-04-17T02:12:34+08:00	2026-04-17T02:12:35+08:00	/home/zync/WORKSPACE/ndpi_speed/output/20260417_021234	/home/zync/WORKSPACE/ndpi_speed/mark5/build/ndpiBenchmarkMark5Time -c 19 -i /home/zync/WORKSPACE/ndpi_speed/input/normal_1.pcap -q
/home/zync/WORKSPACE/ndpi_speed/input/normal_1.pcap	normal_1.pcap	hardware	19	E	success	2026-04-17T02:12:35+08:00	2026-04-17T02:12:37+08:00	/home/zync/WORKSPACE/ndpi_speed/output/20260417_021235	/home/zync/WORKSPACE/ndpi_speed/mark5/build/ndpiBenchmarkMark5Hardware -c 19 -i /home/zync/WORKSPACE/ndpi_speed/input/normal_1.pcap -q
/home/zync/WORKSPACE/ndpi_speed/input/normal_10.pcap	normal_10.pcap	time	0	P	success	2026-04-17T02:12:37+08:00	2026-04-17T02:12:38+08:00	/home/zync/WORKSPACE/ndpi_speed/output/20260417_021237	/home/zync/WORKSPACE/ndpi_speed/mark5/build/ndpiBenchmarkMark5Time -c 0 -i /home/zync/WORKSPACE/ndpi_speed/input/normal_10.pcap -q
/home/zync/WORKSPACE/ndpi_speed/input/normal_10.pcap	normal_10.pcap	hardware	0	P	success	2026-04-17T02:12:38+08:00	2026-04-17T02:12:39+08:00	/home/zync/WORKSPACE/ndpi_speed/output/20260417_021238	/home/zync/WORKSPACE/ndpi_speed/mark5/build/ndpiBenchmarkMark5Hardware -c 0 -i /home/zync/WORKSPACE/ndpi_speed/input/normal_10.pcap -q
/home/zync/WORKSPACE/ndpi_speed/input/normal_10.pcap	normal_10.pcap	time	19	E	success	2026-04-17T02:12:39+08:00	2026-04-17T02:12:40+08:00	/home/zync/WORKSPACE/ndpi_speed/output/20260417_021239	/home/zync/WORKSPACE/ndpi_speed/mark5/build/ndpiBenchmarkMark5Time -c 19 -i /home/zync/WORKSPACE/ndpi_speed/input/normal_10.pcap -q
/home/zync/WORKSPACE/ndpi_speed/input/normal_10.pcap	normal_10.pcap	hardware	19	E	success	2026-04-17T02:12:40+08:00	2026-04-17T02:12:42+08:00	/home/zync/WORKSPACE/ndpi_speed/output/20260417_021240	/home/zync/WORKSPACE/ndpi_speed/mark5/build/ndpiBenchmarkMark5Hardware -c 19 -i /home/zync/WORKSPACE/ndpi_speed/input/normal_10.pcap -q
/home/zync/WORKSPACE/ndpi_speed/input/normal_11.pcap	normal_11.pcap	time	0	P	success	2026-04-17T02:12:42+08:00	2026-04-17T02:12:42+08:00	/home/zync/WORKSPACE/ndpi_speed/output/20260417_021242	/home/zync/WORKSPACE/ndpi_speed/mark5/build/ndpiBenchmarkMark5Time -c 0 -i /home/zync/WORKSPACE/ndpi_speed/input/normal_11.pcap -q
/home/zync/WORKSPACE/ndpi_speed/input/normal_11.pcap	normal_11.pcap	hardware	0	P	success	2026-04-17T02:12:42+08:00	2026-04-17T02:12:44+08:00	/home/zync/WORKSPACE/ndpi_speed/output/20260417_021242	/home/zync/WORKSPACE/ndpi_speed/mark5/build/ndpiBenchmarkMark5Hardware -c 0 -i /home/zync/WORKSPACE/ndpi_speed/input/normal_11.pcap -q
/home/zync/WORKSPACE/ndpi_speed/input/normal_11.pcap	normal_11.pcap	time	19	E	success	2026-04-17T02:12:44+08:00	2026-04-17T02:12:44+08:00	/home/zync/WORKSPACE/ndpi_speed/output/20260417_021244	/home/zync/WORKSPACE/ndpi_speed/mark5/build/ndpiBenchmarkMark5Time -c 19 -i /home/zync/WORKSPACE/ndpi_speed/input/normal_11.pcap -q
/home/zync/WORKSPACE/ndpi_speed/input/normal_11.pcap	normal_11.pcap	hardware	19	E	success	2026-04-17T02:12:44+08:00	2026-04-17T02:12:46+08:00	/home/zync/WORKSPACE/ndpi_speed/output/20260417_021244	/home/zync/WORKSPACE/ndpi_speed/mark5/build/ndpiBenchmarkMark5Hardware -c 19 -i /home/zync/WORKSPACE/ndpi_speed/input/normal_11.pcap -q
/home/zync/WORKSPACE/ndpi_speed/input/normal_12.pcap	normal_12.pcap	time	0	P	success	2026-04-17T02:12:46+08:00	2026-04-17T02:12:47+08:00	/home/zync/WORKSPACE/ndpi_speed/output/20260417_021246	/home/zync/WORKSPACE/ndpi_speed/mark5/build/ndpiBenchmarkMark5Time -c 0 -i /home/zync/WORKSPACE/ndpi_speed/input/normal_12.pcap -q
/home/zync/WORKSPACE/ndpi_speed/input/normal_12.pcap	normal_12.pcap	hardware	0	P	success	2026-04-17T02:12:47+08:00	2026-04-17T02:12:48+08:00	/home/zync/WORKSPACE/ndpi_speed/output/20260417_021247	/home/zync/WORKSPACE/ndpi_speed/mark5/build/ndpiBenchmarkMark5Hardware -c 0 -i /home/zync/WORKSPACE/ndpi_speed/input/normal_12.pcap -q
/home/zync/WORKSPACE/ndpi_speed/input/normal_12.pcap	normal_12.pcap	time	19	E	success	2026-04-17T02:12:48+08:00	2026-04-17T02:12:49+08:00	/home/zync/WORKSPACE/ndpi_speed/output/20260417_021248	/home/zync/WORKSPACE/ndpi_speed/mark5/build/ndpiBenchmarkMark5Time -c 19 -i /home/zync/WORKSPACE/ndpi_speed/input/normal_12.pcap -q
/home/zync/WORKSPACE/ndpi_speed/input/normal_12.pcap	normal_12.pcap	hardware	19	E	success	2026-04-17T02:12:49+08:00	2026-04-17T02:12:51+08:00	/home/zync/WORKSPACE/ndpi_speed/output/20260417_021249	/home/zync/WORKSPACE/ndpi_speed/mark5/build/ndpiBenchmarkMark5Hardware -c 19 -i /home/zync/WORKSPACE/ndpi_speed/input/normal_12.pcap -q
/home/zync/WORKSPACE/ndpi_speed/input/normal_13.pcap	normal_13.pcap	time	0	P	success	2026-04-17T02:12:51+08:00	2026-04-17T02:12:52+08:00	/home/zync/WORKSPACE/ndpi_speed/output/20260417_021251	/home/zync/WORKSPACE/ndpi_speed/mark5/build/ndpiBenchmarkMark5Time -c 0 -i /home/zync/WORKSPACE/ndpi_speed/input/normal_13.pcap -q
/home/zync/WORKSPACE/ndpi_speed/input/normal_13.pcap	normal_13.pcap	hardware	0	P	success	2026-04-17T02:12:52+08:00	2026-04-17T02:12:53+08:00	/home/zync/WORKSPACE/ndpi_speed/output/20260417_021252	/home/zync/WORKSPACE/ndpi_speed/mark5/build/ndpiBenchmarkMark5Hardware -c 0 -i /home/zync/WORKSPACE/ndpi_speed/input/normal_13.pcap -q
/home/zync/WORKSPACE/ndpi_speed/input/normal_13.pcap	normal_13.pcap	time	19	E	success	2026-04-17T02:12:53+08:00	2026-04-17T02:12:53+08:00	/home/zync/WORKSPACE/ndpi_speed/output/20260417_021253	/home/zync/WORKSPACE/ndpi_speed/mark5/build/ndpiBenchmarkMark5Time -c 19 -i /home/zync/WORKSPACE/ndpi_speed/input/normal_13.pcap -q
/home/zync/WORKSPACE/ndpi_speed/input/normal_13.pcap	normal_13.pcap	hardware	19	E	success	2026-04-17T02:12:53+08:00	2026-04-17T02:12:56+08:00	/home/zync/WORKSPACE/ndpi_speed/output/20260417_021253	/home/zync/WORKSPACE/ndpi_speed/mark5/build/ndpiBenchmarkMark5Hardware -c 19 -i /home/zync/WORKSPACE/ndpi_speed/input/normal_13.pcap -q
/home/zync/WORKSPACE/ndpi_speed/input/normal_2.pcap	normal_2.pcap	time	0	P	success	2026-04-17T02:12:56+08:00	2026-04-17T02:12:56+08:00	/home/zync/WORKSPACE/ndpi_speed/output/20260417_021256	/home/zync/WORKSPACE/ndpi_speed/mark5/build/ndpiBenchmarkMark5Time -c 0 -i /home/zync/WORKSPACE/ndpi_speed/input/normal_2.pcap -q
/home/zync/WORKSPACE/ndpi_speed/input/normal_2.pcap	normal_2.pcap	hardware	0	P	success	2026-04-17T02:12:56+08:00	2026-04-17T02:12:57+08:00	/home/zync/WORKSPACE/ndpi_speed/output/20260417_021256	/home/zync/WORKSPACE/ndpi_speed/mark5/build/ndpiBenchmarkMark5Hardware -c 0 -i /home/zync/WORKSPACE/ndpi_speed/input/normal_2.pcap -q
/home/zync/WORKSPACE/ndpi_speed/input/normal_2.pcap	normal_2.pcap	time	19	E	success	2026-04-17T02:12:57+08:00	2026-04-17T02:12:58+08:00	/home/zync/WORKSPACE/ndpi_speed/output/20260417_021257	/home/zync/WORKSPACE/ndpi_speed/mark5/build/ndpiBenchmarkMark5Time -c 19 -i /home/zync/WORKSPACE/ndpi_speed/input/normal_2.pcap -q
/home/zync/WORKSPACE/ndpi_speed/input/normal_2.pcap	normal_2.pcap	hardware	19	E	success	2026-04-17T02:12:58+08:00	2026-04-17T02:13:00+08:00	/home/zync/WORKSPACE/ndpi_speed/output/20260417_021258	/home/zync/WORKSPACE/ndpi_speed/mark5/build/ndpiBenchmarkMark5Hardware -c 19 -i /home/zync/WORKSPACE/ndpi_speed/input/normal_2.pcap -q
/home/zync/WORKSPACE/ndpi_speed/input/normal_3.pcap	normal_3.pcap	time	0	P	success	2026-04-17T02:13:00+08:00	2026-04-17T02:13:01+08:00	/home/zync/WORKSPACE/ndpi_speed/output/20260417_021300	/home/zync/WORKSPACE/ndpi_speed/mark5/build/ndpiBenchmarkMark5Time -c 0 -i /home/zync/WORKSPACE/ndpi_speed/input/normal_3.pcap -q
/home/zync/WORKSPACE/ndpi_speed/input/normal_3.pcap	normal_3.pcap	hardware	0	P	success	2026-04-17T02:13:01+08:00	2026-04-17T02:13:02+08:00	/home/zync/WORKSPACE/ndpi_speed/output/20260417_021301	/home/zync/WORKSPACE/ndpi_speed/mark5/build/ndpiBenchmarkMark5Hardware -c 0 -i /home/zync/WORKSPACE/ndpi_speed/input/normal_3.pcap -q
/home/zync/WORKSPACE/ndpi_speed/input/normal_3.pcap	normal_3.pcap	time	19	E	success	2026-04-17T02:13:02+08:00	2026-04-17T02:13:03+08:00	/home/zync/WORKSPACE/ndpi_speed/output/20260417_021302	/home/zync/WORKSPACE/ndpi_speed/mark5/build/ndpiBenchmarkMark5Time -c 19 -i /home/zync/WORKSPACE/ndpi_speed/input/normal_3.pcap -q
/home/zync/WORKSPACE/ndpi_speed/input/normal_3.pcap	normal_3.pcap	hardware	19	E	success	2026-04-17T02:13:03+08:00	2026-04-17T02:13:05+08:00	/home/zync/WORKSPACE/ndpi_speed/output/20260417_021303	/home/zync/WORKSPACE/ndpi_speed/mark5/build/ndpiBenchmarkMark5Hardware -c 19 -i /home/zync/WORKSPACE/ndpi_speed/input/normal_3.pcap -q
/home/zync/WORKSPACE/ndpi_speed/input/normal_4.pcap	normal_4.pcap	time	0	P	success	2026-04-17T02:13:05+08:00	2026-04-17T02:13:05+08:00	/home/zync/WORKSPACE/ndpi_speed/output/20260417_021305	/home/zync/WORKSPACE/ndpi_speed/mark5/build/ndpiBenchmarkMark5Time -c 0 -i /home/zync/WORKSPACE/ndpi_speed/input/normal_4.pcap -q
/home/zync/WORKSPACE/ndpi_speed/input/normal_4.pcap	normal_4.pcap	hardware	0	P	success	2026-04-17T02:13:05+08:00	2026-04-17T02:13:07+08:00	/home/zync/WORKSPACE/ndpi_speed/output/20260417_021305	/home/zync/WORKSPACE/ndpi_speed/mark5/build/ndpiBenchmarkMark5Hardware -c 0 -i /home/zync/WORKSPACE/ndpi_speed/input/normal_4.pcap -q
/home/zync/WORKSPACE/ndpi_speed/input/normal_4.pcap	normal_4.pcap	time	19	E	success	2026-04-17T02:13:07+08:00	2026-04-17T02:13:07+08:00	/home/zync/WORKSPACE/ndpi_speed/output/20260417_021307	/home/zync/WORKSPACE/ndpi_speed/mark5/build/ndpiBenchmarkMark5Time -c 19 -i /home/zync/WORKSPACE/ndpi_speed/input/normal_4.pcap -q
/home/zync/WORKSPACE/ndpi_speed/input/normal_4.pcap	normal_4.pcap	hardware	19	E	success	2026-04-17T02:13:07+08:00	2026-04-17T02:13:10+08:00	/home/zync/WORKSPACE/ndpi_speed/output/20260417_021307	/home/zync/WORKSPACE/ndpi_speed/mark5/build/ndpiBenchmarkMark5Hardware -c 19 -i /home/zync/WORKSPACE/ndpi_speed/input/normal_4.pcap -q
/home/zync/WORKSPACE/ndpi_speed/input/normal_5.pcap	normal_5.pcap	time	0	P	success	2026-04-17T02:13:10+08:00	2026-04-17T02:13:10+08:00	/home/zync/WORKSPACE/ndpi_speed/output/20260417_021310	/home/zync/WORKSPACE/ndpi_speed/mark5/build/ndpiBenchmarkMark5Time -c 0 -i /home/zync/WORKSPACE/ndpi_speed/input/normal_5.pcap -q
/home/zync/WORKSPACE/ndpi_speed/input/normal_5.pcap	normal_5.pcap	hardware	0	P	success	2026-04-17T02:13:10+08:00	2026-04-17T02:13:11+08:00	/home/zync/WORKSPACE/ndpi_speed/output/20260417_021310	/home/zync/WORKSPACE/ndpi_speed/mark5/build/ndpiBenchmarkMark5Hardware -c 0 -i /home/zync/WORKSPACE/ndpi_speed/input/normal_5.pcap -q
/home/zync/WORKSPACE/ndpi_speed/input/normal_5.pcap	normal_5.pcap	time	19	E	success	2026-04-17T02:13:11+08:00	2026-04-17T02:13:12+08:00	/home/zync/WORKSPACE/ndpi_speed/output/20260417_021311	/home/zync/WORKSPACE/ndpi_speed/mark5/build/ndpiBenchmarkMark5Time -c 19 -i /home/zync/WORKSPACE/ndpi_speed/input/normal_5.pcap -q
/home/zync/WORKSPACE/ndpi_speed/input/normal_5.pcap	normal_5.pcap	hardware	19	E	success	2026-04-17T02:13:12+08:00	2026-04-17T02:13:14+08:00	/home/zync/WORKSPACE/ndpi_speed/output/20260417_021312	/home/zync/WORKSPACE/ndpi_speed/mark5/build/ndpiBenchmarkMark5Hardware -c 19 -i /home/zync/WORKSPACE/ndpi_speed/input/normal_5.pcap -q
/home/zync/WORKSPACE/ndpi_speed/input/normal_6.pcap	normal_6.pcap	time	0	P	success	2026-04-17T02:13:14+08:00	2026-04-17T02:13:15+08:00	/home/zync/WORKSPACE/ndpi_speed/output/20260417_021314	/home/zync/WORKSPACE/ndpi_speed/mark5/build/ndpiBenchmarkMark5Time -c 0 -i /home/zync/WORKSPACE/ndpi_speed/input/normal_6.pcap -q
/home/zync/WORKSPACE/ndpi_speed/input/normal_6.pcap	normal_6.pcap	hardware	0	P	success	2026-04-17T02:13:15+08:00	2026-04-17T02:13:16+08:00	/home/zync/WORKSPACE/ndpi_speed/output/20260417_021315	/home/zync/WORKSPACE/ndpi_speed/mark5/build/ndpiBenchmarkMark5Hardware -c 0 -i /home/zync/WORKSPACE/ndpi_speed/input/normal_6.pcap -q
/home/zync/WORKSPACE/ndpi_speed/input/normal_6.pcap	normal_6.pcap	time	19	E	success	2026-04-17T02:13:16+08:00	2026-04-17T02:13:17+08:00	/home/zync/WORKSPACE/ndpi_speed/output/20260417_021316	/home/zync/WORKSPACE/ndpi_speed/mark5/build/ndpiBenchmarkMark5Time -c 19 -i /home/zync/WORKSPACE/ndpi_speed/input/normal_6.pcap -q
/home/zync/WORKSPACE/ndpi_speed/input/normal_6.pcap	normal_6.pcap	hardware	19	E	success	2026-04-17T02:13:17+08:00	2026-04-17T02:13:19+08:00	/home/zync/WORKSPACE/ndpi_speed/output/20260417_021317	/home/zync/WORKSPACE/ndpi_speed/mark5/build/ndpiBenchmarkMark5Hardware -c 19 -i /home/zync/WORKSPACE/ndpi_speed/input/normal_6.pcap -q
/home/zync/WORKSPACE/ndpi_speed/input/normal_7.pcap	normal_7.pcap	time	0	P	success	2026-04-17T02:13:19+08:00	2026-04-17T02:13:19+08:00	/home/zync/WORKSPACE/ndpi_speed/output/20260417_021319	/home/zync/WORKSPACE/ndpi_speed/mark5/build/ndpiBenchmarkMark5Time -c 0 -i /home/zync/WORKSPACE/ndpi_speed/input/normal_7.pcap -q
/home/zync/WORKSPACE/ndpi_speed/input/normal_7.pcap	normal_7.pcap	hardware	0	P	success	2026-04-17T02:13:19+08:00	2026-04-17T02:13:21+08:00	/home/zync/WORKSPACE/ndpi_speed/output/20260417_021319	/home/zync/WORKSPACE/ndpi_speed/mark5/build/ndpiBenchmarkMark5Hardware -c 0 -i /home/zync/WORKSPACE/ndpi_speed/input/normal_7.pcap -q
/home/zync/WORKSPACE/ndpi_speed/input/normal_7.pcap	normal_7.pcap	time	19	E	success	2026-04-17T02:13:21+08:00	2026-04-17T02:13:21+08:00	/home/zync/WORKSPACE/ndpi_speed/output/20260417_021321	/home/zync/WORKSPACE/ndpi_speed/mark5/build/ndpiBenchmarkMark5Time -c 19 -i /home/zync/WORKSPACE/ndpi_speed/input/normal_7.pcap -q
/home/zync/WORKSPACE/ndpi_speed/input/normal_7.pcap	normal_7.pcap	hardware	19	E	success	2026-04-17T02:13:21+08:00	2026-04-17T02:13:23+08:00	/home/zync/WORKSPACE/ndpi_speed/output/20260417_021321	/home/zync/WORKSPACE/ndpi_speed/mark5/build/ndpiBenchmarkMark5Hardware -c 19 -i /home/zync/WORKSPACE/ndpi_speed/input/normal_7.pcap -q
/home/zync/WORKSPACE/ndpi_speed/input/normal_8.pcap	normal_8.pcap	time	0	P	success	2026-04-17T02:13:23+08:00	2026-04-17T02:13:24+08:00	/home/zync/WORKSPACE/ndpi_speed/output/20260417_021323	/home/zync/WORKSPACE/ndpi_speed/mark5/build/ndpiBenchmarkMark5Time -c 0 -i /home/zync/WORKSPACE/ndpi_speed/input/normal_8.pcap -q
/home/zync/WORKSPACE/ndpi_speed/input/normal_8.pcap	normal_8.pcap	hardware	0	P	success	2026-04-17T02:13:24+08:00	2026-04-17T02:13:25+08:00	/home/zync/WORKSPACE/ndpi_speed/output/20260417_021324	/home/zync/WORKSPACE/ndpi_speed/mark5/build/ndpiBenchmarkMark5Hardware -c 0 -i /home/zync/WORKSPACE/ndpi_speed/input/normal_8.pcap -q
/home/zync/WORKSPACE/ndpi_speed/input/normal_8.pcap	normal_8.pcap	time	19	E	success	2026-04-17T02:13:25+08:00	2026-04-17T02:13:26+08:00	/home/zync/WORKSPACE/ndpi_speed/output/20260417_021325	/home/zync/WORKSPACE/ndpi_speed/mark5/build/ndpiBenchmarkMark5Time -c 19 -i /home/zync/WORKSPACE/ndpi_speed/input/normal_8.pcap -q
/home/zync/WORKSPACE/ndpi_speed/input/normal_8.pcap	normal_8.pcap	hardware	19	E	success	2026-04-17T02:13:26+08:00	2026-04-17T02:13:28+08:00	/home/zync/WORKSPACE/ndpi_speed/output/20260417_021326	/home/zync/WORKSPACE/ndpi_speed/mark5/build/ndpiBenchmarkMark5Hardware -c 19 -i /home/zync/WORKSPACE/ndpi_speed/input/normal_8.pcap -q
/home/zync/WORKSPACE/ndpi_speed/input/normal_9.pcap	normal_9.pcap	time	0	P	success	2026-04-17T02:13:28+08:00	2026-04-17T02:13:29+08:00	/home/zync/WORKSPACE/ndpi_speed/output/20260417_021328	/home/zync/WORKSPACE/ndpi_speed/mark5/build/ndpiBenchmarkMark5Time -c 0 -i /home/zync/WORKSPACE/ndpi_speed/input/normal_9.pcap -q
/home/zync/WORKSPACE/ndpi_speed/input/normal_9.pcap	normal_9.pcap	hardware	0	P	success	2026-04-17T02:13:29+08:00	2026-04-17T02:13:30+08:00	/home/zync/WORKSPACE/ndpi_speed/output/20260417_021329	/home/zync/WORKSPACE/ndpi_speed/mark5/build/ndpiBenchmarkMark5Hardware -c 0 -i /home/zync/WORKSPACE/ndpi_speed/input/normal_9.pcap -q
/home/zync/WORKSPACE/ndpi_speed/input/normal_9.pcap	normal_9.pcap	time	19	E	success	2026-04-17T02:13:30+08:00	2026-04-17T02:13:30+08:00	/home/zync/WORKSPACE/ndpi_speed/output/20260417_021330	/home/zync/WORKSPACE/ndpi_speed/mark5/build/ndpiBenchmarkMark5Time -c 19 -i /home/zync/WORKSPACE/ndpi_speed/input/normal_9.pcap -q
/home/zync/WORKSPACE/ndpi_speed/input/normal_9.pcap	normal_9.pcap	hardware	19	E	success	2026-04-17T02:13:31+08:00	2026-04-17T02:13:33+08:00	/home/zync/WORKSPACE/ndpi_speed/output/20260417_021331	/home/zync/WORKSPACE/ndpi_speed/mark5/build/ndpiBenchmarkMark5Hardware -c 19 -i /home/zync/WORKSPACE/ndpi_speed/input/normal_9.pcap -q
/home/zync/WORKSPACE/ndpi_speed/input/seed_10G.pcap	seed_10G.pcap	time	0	P	success	2026-04-17T02:13:33+08:00	2026-04-17T02:13:40+08:00	/home/zync/WORKSPACE/ndpi_speed/output/20260417_021333	/home/zync/WORKSPACE/ndpi_speed/mark5/build/ndpiBenchmarkMark5Time -c 0 -i /home/zync/WORKSPACE/ndpi_speed/input/seed_10G.pcap -q
/home/zync/WORKSPACE/ndpi_speed/input/seed_10G.pcap	seed_10G.pcap	hardware	0	P	success	2026-04-17T02:13:40+08:00	2026-04-17T02:13:55+08:00	/home/zync/WORKSPACE/ndpi_speed/output/20260417_021340	/home/zync/WORKSPACE/ndpi_speed/mark5/build/ndpiBenchmarkMark5Hardware -c 0 -i /home/zync/WORKSPACE/ndpi_speed/input/seed_10G.pcap -q
/home/zync/WORKSPACE/ndpi_speed/input/seed_10G.pcap	seed_10G.pcap	time	19	E	success	2026-04-17T02:13:55+08:00	2026-04-17T02:14:05+08:00	/home/zync/WORKSPACE/ndpi_speed/output/20260417_021355	/home/zync/WORKSPACE/ndpi_speed/mark5/build/ndpiBenchmarkMark5Time -c 19 -i /home/zync/WORKSPACE/ndpi_speed/input/seed_10G.pcap -q
/home/zync/WORKSPACE/ndpi_speed/input/seed_10G.pcap	seed_10G.pcap	hardware	19	E	success	2026-04-17T02:14:05+08:00	2026-04-17T02:14:33+08:00	/home/zync/WORKSPACE/ndpi_speed/output/20260417_021405	/home/zync/WORKSPACE/ndpi_speed/mark5/build/ndpiBenchmarkMark5Hardware -c 19 -i /home/zync/WORKSPACE/ndpi_speed/input/seed_10G.pcap -q
/home/zync/WORKSPACE/ndpi_speed/input/seed_1500b.pcap	seed_1500b.pcap	time	0	P	success	2026-04-17T02:14:33+08:00	2026-04-17T02:14:33+08:00	/home/zync/WORKSPACE/ndpi_speed/output/20260417_021433	/home/zync/WORKSPACE/ndpi_speed/mark5/build/ndpiBenchmarkMark5Time -c 0 -i /home/zync/WORKSPACE/ndpi_speed/input/seed_1500b.pcap -q
/home/zync/WORKSPACE/ndpi_speed/input/seed_1500b.pcap	seed_1500b.pcap	hardware	0	P	success	2026-04-17T02:14:33+08:00	2026-04-17T02:14:33+08:00	/home/zync/WORKSPACE/ndpi_speed/output/20260417_021433	/home/zync/WORKSPACE/ndpi_speed/mark5/build/ndpiBenchmarkMark5Hardware -c 0 -i /home/zync/WORKSPACE/ndpi_speed/input/seed_1500b.pcap -q
/home/zync/WORKSPACE/ndpi_speed/input/seed_1500b.pcap	seed_1500b.pcap	time	19	E	success	2026-04-17T02:14:33+08:00	2026-04-17T02:14:34+08:00	/home/zync/WORKSPACE/ndpi_speed/output/20260417_021433	/home/zync/WORKSPACE/ndpi_speed/mark5/build/ndpiBenchmarkMark5Time -c 19 -i /home/zync/WORKSPACE/ndpi_speed/input/seed_1500b.pcap -q
/home/zync/WORKSPACE/ndpi_speed/input/seed_1500b.pcap	seed_1500b.pcap	hardware	19	E	success	2026-04-17T02:14:34+08:00	2026-04-17T02:14:34+08:00	/home/zync/WORKSPACE/ndpi_speed/output/20260417_021434	/home/zync/WORKSPACE/ndpi_speed/mark5/build/ndpiBenchmarkMark5Hardware -c 19 -i /home/zync/WORKSPACE/ndpi_speed/input/seed_1500b.pcap -q
