protocol,protocol_detected,master_proto,app_proto,category_name,category_id,flows,avg_detect_pkt_in_flow,var_detect_pkt_in_flow,avg_detecting_bytes,var_detecting_bytes,avg_packets_in_flow,var_packets_in_flow,avg_bytes_in_flow,var_bytes_in_flow,avg_detecting_total_ms,var_detecting_total_ms,avg_detecting_detection_only_ms,var_detecting_detection_only_ms,avg_detecting_flow_table_ms,var_detecting_flow_table_ms,avg_detecting_other_ms,var_detecting_other_ms,avg_detecting_detection_ratio,var_detecting_detection_ratio,avg_detecting_flow_table_ratio,var_detecting_flow_table_ratio,avg_detecting_other_ratio,var_detecting_other_ratio
ICMP,1,0,81,Network,14,15862130,1.0000002521729427,3.782593504975832e-07,60.20899563929939,14.640454038154292,1.3517421052532037,4648.343990780842,83.08610363173167,19678102.455564406,0.0010605667407844975,1.0483897223616957e-05,0.0003331579100663026,1.1281669261659346e-07,0.0003745190375441381,1.0013747702539417e-05,0.00035288979317405666,4.3521304631035015e-07,0.3658385689078327,0.024403299629223836,0.33887643723062416,0.046431702413795795,0.2952849939144364,0.05401527944093775
NOT_DETECTED,0,0,0,NOT_DETECTED,0,3489681,0.0,0.0,3472.1289192335917,456433380864.01117,5.582892820289304,369434.0548181582,3472.1289192335917,456433380864.01117,0.002447258051953746,0.006882202276963141,0.0010788549322989695,0.0004671228697213914,0.000542677773699086,0.0006158671007371,0.0008257253459556906,0.0024232601751762476,0.48896816925100034,0.059383549787143025,0.26452286285967114,0.043299830667453396,0.246508968298535,0.04315531776281642
DNS,1,0,5,Network,14,194932,1.0048529743705497,0.10791152343507203,290.4537223236821,343920.128616795,13.9353107750395,382.2764977985824,9541.678287813185,397947892.26425,0.002330794630948228,5.847644030816624e-05,0.0015823864937516672,5.753798088644283e-07,0.0003629436367553814,5.3984875467987496e-05,0.00038546450044117946,3.739613204498712e-06,0.7075968093027313,0.024143055739403906,0.13859583746126855,0.019201130900402395,0.1538073545492787,0.02125035409825605
HTTP,1,0,7,Web,5,163270,5.72170025111778,58.868258810622216,2796.3197158081707,80625431.94217454,220.43458075580327,11473103.000874361,206651.72822318858,13171462247139.555,0.005192809199485515,0.0007400934466126061,0.003807282997488823,3.60199185301097e-06,0.0005592509279108226,0.0007295280318804112,0.0008262752740858701,4.759543239848604e-06,0.7654954400869726,0.011167065999966837,0.08861940816439028,0.005772081495022849,0.14588515021743123,0.008823594044882414
TLS,1,0,91,Web,5,88838,10.531630608523379,618.9529099933592,5679.064150476148,818381635.8589728,203.58571782345393,8260053.187383314,234600.1607195119,15707060851702.531,0.009447610583308945,2.4098681004762936e-05,0.007300764695288051,8.852207138174998e-06,0.000699761813638308,2.1627457591118284e-06,0.0014470840743825843,8.04418205478566e-06,0.8025873074472636,0.026138718629725312,0.06579686746662465,0.003659057693799653,0.13161582375785139,0.014867594183918836
SSH,1,0,92,RemoteAccess,12,50951,6.678926812035092,66.28864131652138,1559.6336283880592,2246224.15995645,107.89236717630665,180189045.33865362,46050.97721340111,3747638687518.5293,0.003965264175384193,0.0007890014637373594,0.002157089340739142,2.1297271680893594e-06,0.0007830871229220231,0.0007739780903576035,0.001025087711723028,5.297144582383395e-06,0.6265329148790013,0.013246450779139758,0.14308553439579202,0.011853416545013828,0.2303815546309199,0.013714164812986433
MySQL,1,0,20,Database,11,45676,13.961774235922585,0.2759711405534817,10744.571459847622,2700148.3678026763,45.15430422979245,4.546424025493099,38828.124507399945,10148071.235986654,0.013558124157106577,1.0212370957152664e-05,0.011475510662054468,4.707036867672466e-06,0.0005914146159908924,3.2822289350644187e-06,0.0014911988790612136,2.2649685093130447e-06,0.8470290106839478,0.0016582761104867497,0.04254065758823014,0.0009406326423475936,0.11043033142131535,0.001257943795945944
SamsungSDP,1,0,456,Network,14,12777,1.0,0.0,79.04320262972529,0.12774142196068256,1.0239492838694528,0.024001840740075706,80.93543085231275,149.79664478775595,0.0009538329028723488,5.065202339692232e-06,0.00041534037724035375,1.1123448125489683e-08,0.0002461614620020349,9.521232032483281e-07,0.0002923310636299601,4.12831805068489e-06,0.5198834470532989,0.024874303089434013,0.22320109297957266,0.02689005976345695,0.25691545957580025,0.029182624775103184
TLS.Google,1,91,126,Advertisement,101,12454,4.0,0.0,491.10342058776297,13782.132230149587,60.90356511964028,37386.28867686757,36033.75718644612,42237827320.39535,0.007622358198169263,5.036871826648301e-06,0.006605054520635941,3.733748928374858e-06,0.0003811408382848883,2.3664859972455827e-07,0.0006361628392484342,1.0862671639442754e-06,0.8667656279107114,0.003399882104931888,0.04991285643166855,0.0021604492854874983,0.08332151573791553,0.002764097217329245
HTTP.OCSP,1,7,63,Network,14,8735,4.024728105323412,0.052050226588453714,694.9469948483114,823.5645630927039,23.899255867200917,191.12642760883077,4578.86422438466,11114256.800797954,0.004196156153405839,9.678540536928168e-07,0.00319008929593589,6.368875757697963e-07,0.00038050062965083,1.4412273860864762e-07,0.0006255662278191185,2.3679559100597671e-07,0.7638521764167142,0.00734457280933957,0.08890090726960503,0.005757704657734962,0.14724692524327418,0.006501852305782276
GRE,1,0,80,Network,14,4278,1.0,0.0,297.528517999065,64900.55119700891,334.6928471248247,388582659.6214122,119019.76764843384,47747721311795.81,0.001268568489948574,2.0261163661347477e-07,0.0005384249649368864,2.3477244369739302e-08,0.00037434478728377743,1.2950664573135962e-07,0.0003557987377279103,1.4366786903066475e-07,0.46987727185600753,0.025095985340599543,0.27973156802244037,0.03625708785069184,0.2503911589527817,0.042695638646791004
LLMNR,1,0,154,Network,14,2264,1.0,0.0,85.90415194346289,180.18118417479303,2.8193462897526502,21.50137483768058,267.74249116607774,295105.33165739826,0.0021607645759717316,9.296152489041488e-07,0.0014669677561837456,5.669426266105128e-07,0.00037082243816254415,3.0239400469087513e-07,0.0003229743816254417,1.37468448990342e-07,0.690965816696113,0.031082767148041927,0.15890246863957597,0.025147512846998135,0.15013171466431094,0.020588756109065225
TLS.Mozilla,1,91,125,Web,5,2166,4.018467220683287,0.019972904511850652,567.3716528162512,133601.95282524603,28.751154201292707,250.08719857548328,9197.185595567867,349377273.1179089,0.009337780701754388,2.5988821607956294e-05,0.008315306094182826,2.550889706927958e-05,0.0003892026777469991,1.4017900093465795e-07,0.0006332719298245613,1.7668892743921207e-07,0.8883362700831026,0.0022329850972987076,0.04242628670360111,0.0015400496861306357,0.06923744506001846,0.0018084902529404258
SSDP,1,0,12,System,18,2128,1.0,0.0,191.18421052631578,966.4331717451523,8.396616541353383,445.54758253716994,1999.283364661654,43888061.729384914,0.002908195488721804,2.449403076445814e-06,0.0022859793233082704,9.080059337830007e-07,0.0003186362781954887,1.3356747887590804e-06,0.0003035798872180451,1.271881233172805e-07,0.7981200239661654,0.0147790585384623,0.09717919031954887,0.009001606582191693,0.1047007852443609,0.011365185823255101
TLS.Facebook,1,91,119,SocialNetwork,6,1526,4.0,0.0,497.64220183486236,16030.525977851792,52.499344692005245,4493.7336168707025,28548.5249017038,4596244079.507572,0.00810122018348624,3.2593388942344915e-05,0.006947271297509829,2.6098929132915015e-06,0.0005218401048492793,2.949867489710719e-05,0.0006321087811271297,1.6382129878265587e-07,0.8707406625163826,0.003611617473661334,0.048899580602883345,0.0026693148927140137,0.08035976998689384,0.0024327426180525986
TLS.GoogleServices,1,91,239,Web,5,1102,4.0,0.0,522.9119782214156,24037.584811150162,56.460072595281304,6587.990692553713,25092.66878402904,2417616082.4937444,0.008740506352087113,4.877904280812646e-06,0.0076899210526315785,4.296046805927023e-06,0.0003920535390199637,1.6970695992849166e-07,0.0006585317604355717,1.8825973719454152e-07,0.8787284818511797,0.0026179522860336995,0.04488566243194192,0.0018161905183179895,0.0763858611615245,0.00216911711792537
TLS.Canonical,1,91,169,Cloud,13,969,4.148606811145511,0.2627457370433916,448.4231166150671,3868.7518288832016,24.374613003095977,220.05677552102802,9578.2693498452,746758715.1689366,0.008303939112487101,2.186418940565157e-06,0.0072703756449948405,1.982078298519321e-06,0.00036988648090815275,1.2936632147874085e-07,0.0006636769865841074,2.113975643929833e-07,0.8757445944272446,0.0029626216222287,0.04473426418988648,0.0017715282316949094,0.07952113519091848,0.002419612806771197
LDAP,1,0,112,System,18,929,5.407965554359526,7.001486603765059,616.497308934338,232979.72469674092,50.18514531754575,7643.709531760369,14738.262648008611,682537236.8309083,0.0038174542518837457,2.9434605729878416e-06,0.0026845306781485465,2.2467299067552987e-06,0.00039867922497308935,1.5961059032189664e-07,0.0007342443487621098,2.0771667118711625e-07,0.68634063401507,0.016248484065136237,0.11505637244348763,0.012701528237473772,0.198603,0.013102538172757805
Kerberos,1,0,111,Network,14,905,3.2088397790055248,9.029314123500505,1042.3723756906077,776636.2116125881,9.39889502762431,53.4419877293123,4112.300552486188,6179321.359391959,0.003209046408839779,1.6081622267459478e-05,0.002110882872928177,3.118304803960807e-06,0.0004040718232044199,7.377647804767864e-07,0.0006940917127071823,1.1827892149599832e-05,0.6789640906077348,0.020589616318906708,0.13332687624309392,0.020327752957233304,0.18770902099447515,0.019414839789353152
TLS.Microsoft,1,91,212,Web,5,808,4.008663366336633,0.016014054994608375,480.0259900990099,3768.4832354058426,27.919554455445546,4034.7274394054502,17269.48267326733,5878478855.715046,0.010895268564356434,5.321534238516751e-06,0.00989309900990099,4.921465824355456e-06,0.00036090346534653467,1.4227599810680327e-07,0.0006412660891089109,1.424734131074772e-07,0.906928358910891,0.0016681267393192029,0.03290503094059406,0.0010523377286116664,0.06016660396039604,0.0012461223452490933
TLS.Twitter,1,91,120,SocialNetwork,6,785,4.0,0.0,554.7643312101911,22355.38522455272,48.84076433121019,8053.47400705911,30140.098089171974,10931401475.530506,0.008446359235668789,1.2943928416503714e-06,0.00743216050955414,1.0290620735997404e-06,0.000385540127388535,1.3294396049170354e-07,0.0006286585987261146,2.2755251529230396e-07,0.8812818484076432,0.00260524316159358,0.04530251974522293,0.0016667195089247696,0.07341563949044586,0.002120262756768122
HTTP.Google,1,7,126,Advertisement,101,775,4.0,0.0,839.941935483871,52330.51146722165,52.75483870967742,245819.01344432886,34058.96,369352331412.3689,0.0073392064516129025,2.1820879389635795e-05,0.006334787096774193,2.1765459408865766e-05,0.00038976129032258067,1.4016893269510926e-07,0.000614658064516129,1.4574434888657647e-07,0.8356306916129033,0.006824089699903607,0.06340803483870967,0.003844975788526528,0.10096128,0.004542255409806762
ICMPV6,1,0,102,Network,14,770,1.0,0.0,92.41428571428571,2751.6868089053805,95.36493506493507,25009.956432787985,8354.494805194805,182402422.83179122,0.0020022714285714283,1.2484777795732837e-06,0.0009474753246753247,5.781653844560634e-07,0.0007166883116883116,4.980439470062406e-07,0.0003381077922077922,1.293667143548659e-07,0.5150789194805195,0.04715036333219351,0.3117303480519481,0.055881096713328214,0.17319071948051948,0.023724303915430404
TLS.AWS_Cloudfront,1,91,464,Cloud,13,749,4.002670226969292,0.005333323826517244,526.2069425901202,18338.706173429277,58.93591455273698,22640.76224819564,41242.82242990654,38019528462.68542,0.008301157543391188,1.2123546400665952e-06,0.00726388785046729,9.253145294785573e-07,0.00039447263017356485,1.675799902388766e-07,0.0006427970627503338,1.8903108565225374e-07,0.8768073364485982,0.002720268929053691,0.046653275033377836,0.0018598692304049973,0.07653941255006674,0.0022408853066001625
HTTP_Proxy,1,0,131,Web,5,746,5.839142091152815,48.11353492082886,2066.3847184986594,38922317.31445817,190.21849865951742,557927.4147248239,196372.98525469168,662970791110.2261,0.005401634048257373,4.767470642218732e-06,0.004125483914209116,1.8655701988029094e-06,0.00045195710455764077,7.398107702779437e-07,0.0008241930294906167,6.264817643481949e-07,0.7829132908847185,0.0094499268181178,0.07526963538873996,0.005644358737226307,0.14181706970509383,0.007348560491343666
QUIC.Google,1,188,126,Advertisement,101,715,1.0,0.0,1392.0,0.0,69.31748251748252,104827.8027013546,49399.88251748252,89419490523.34004,0.0023933356643356645,6.932949894273559e-07,0.0017129720279720278,4.697205754413419e-07,0.00031114405594405593,1.493735274996332e-07,0.0003692195804195804,1.62400501434789e-07,0.725869262937063,0.02150788849732667,0.12595152167832166,0.015700442897857922,0.1481792111888112,0.019250537653962393
IMAPS,1,0,51,Email,3,707,32.15841584158416,0.5689638270757769,7128.151343705799,16383832.11429452,308.93493635077795,28354403.438482434,348813.5997171146,61076877411528.27,0.012411305516265911,8.55378238473619e-06,0.006075923620933523,1.0340160846895764e-06,0.002029035360678925,1.6226388375049264e-06,0.0043063465346534656,2.049488441441315e-06,0.4980417807637907,0.003771185464671879,0.15732680480905234,0.002968942351435734,0.3446314497878359,0.0025935997497099966
HTTP_Connect,1,0,130,ArtifIntelligence,109,642,4.0,0.0,418.9018691588785,311.4498718956532,60.886292834890966,501061.9823977832,28968.2507788162,14628192377.767328,0.005085649532710281,3.348449554742772e-06,0.004061057632398754,2.9109681539993788e-06,0.00035643769470404985,1.5227592213051114e-07,0.0006681542056074767,2.0130280643869914e-07,0.794891246105919,0.007411540885602984,0.0695633831775701,0.004781729887220776,0.1355453753894081,0.006932222415785874
TLS.Yahoo,1,91,70,Web,5,580,4.001724137931035,0.0017211652794292503,559.1844827586207,22941.99872473246,29.063793103448276,548.6045511296077,9687.379310344828,392711736.14922714,0.008537048275862068,1.2061917838763377e-06,0.007497836206896552,1.0178670955856123e-06,0.00038377758620689663,1.3745080742865637e-07,0.0006554344827586207,1.6157264915576696e-07,0.8791674189655172,0.0022935428646537782,0.044464179310344826,0.0016793234302195721,0.07636839655172414,0.0019574270742668846
NetBIOS,1,0,10,System,18,519,2.2639691714836223,6.0324397370072145,194.5587668593449,39330.269667843524,61.1868978805395,83865.05370116683,6527.664739884393,742806977.1130342,0.0021426820809248557,1.13040721106619e-06,0.0013399364161849712,5.175749921035338e-07,0.0003343217726396917,1.4046061900572096e-07,0.00046842389210019275,2.189373733019999e-07,0.6425636242774566,0.02518650989385305,0.1542688901734104,0.020359780735176764,0.20316750096339112,0.025689054550631505
TLS.Microsoft365,1,91,219,Collaborative,15,451,4.0266075388026605,0.043637936883299484,480.6585365853659,5727.32020983181,28.75831485587583,1412.4271758742584,15333.341463414634,1132412671.351252,0.009870991130820399,5.484158709455706e-06,0.00884039024390244,5.02864308052566e-06,0.0003901241685144124,1.5412590475956362e-07,0.0006404767184035477,1.7821971287260144e-07,0.8938831596452328,0.0022978322314068864,0.039940518847006654,0.0015264905824580706,0.06617634589800443,0.0016289140310422172
FTP_CONTROL,1,0,1,Download,7,445,28.1438202247191,2.5456078777932083,2057.9932584269663,60389.903325337706,99.17752808988764,1043039.1752253498,8424.30786516854,9604700206.689493,0.019259341573033707,1.2277924548496399e-05,0.01587392359550562,1.2767099463825275e-05,0.0007149640449438203,1.4598807061734632e-07,0.0026704539325842695,3.9555276473172576e-07,0.8181340449438202,0.0027790668433687665,0.03850395505617978,0.0005262534914766317,0.14336199550561798,0.0018475186059011038
NTP,1,0,9,System,18,440,1.0,0.0,92.52727272727273,29.86743801652893,39.91818181818182,6710.670578512397,3597.7545454545457,54321655.830661155,0.0017018568181818184,1.761646445408058e-06,0.0010121909090909092,1.450830240826446e-06,0.00038776818181818185,2.416727098966942e-07,0.0003018977272727273,1.272560145402893e-07,0.6253327727272727,0.03176148412258471,0.19989035454545456,0.03315713002106976,0.17477689318181822,0.021876763236272682
SMTP,1,0,3,Email,3,367,32.01634877384196,0.09782536064563548,12515.25613079019,66290641.96164498,61.17983651226158,3753.6243345781763,29282.188010899183,3581023163.771191,0.011895013623978202,3.928575037961526e-06,0.006107326975476839,5.312556042586996e-07,0.001801092643051771,6.718556044962841e-07,0.003986594005449591,8.757395381657004e-07,0.5188111716621253,0.002451657168131295,0.14741749591280653,0.002317215687443444,0.33377133514986373,0.001540113002108383
TLS.Yandex,1,91,25,Web,5,362,4.0,0.0,543.6767955801105,22692.014323433352,56.98066298342541,9955.206808400231,44934.81767955801,15092396326.11593,0.008764240331491714,3.085913914389823e-05,0.007452439226519338,9.57685666196087e-07,0.000676243093922652,3.05055275983639e-05,0.0006355580110497238,1.7440105878941425e-07,0.8785708342541436,0.004193569507751534,0.04743899447513812,0.0038635850705911303,0.07399017127071823,0.0019771802882800585
TLS.AWS_S3,1,91,463,Cloud,13,353,4.002832861189802,0.002824836087281016,455.07365439093485,3462.6121387700728,30.373937677053824,481.2029468176457,12098.484419263455,583844113.8984824,0.008357589235127479,1.997622553651823e-06,0.007340634560906516,1.710057597332456e-06,0.00039828895184135975,1.683571006428107e-07,0.0006186657223796034,1.6845456814515808e-07,0.878878509915014,0.002703818502816474,0.04775230311614731,0.002181097150296223,0.07336917563739377,0.001940476682286432
SMTPS.GMail,1,29,122,Email,3,343,4.005830903790088,0.011627808141165664,436.27113702623905,783.1772135759761,43.40524781341108,7.343062839463151,8127.262390670554,1871708.4326088624,0.007818650145772595,1.1226509913046437e-06,0.006817763848396502,1.088494314494811e-06,0.0003763061224489796,1.226450345689296e-07,0.0006245801749271137,1.7348332812008605e-07,0.8718597959183674,0.0029018733173052894,0.048381148688046646,0.001927480639053694,0.0797590583090379,0.002448603455151119
TLS.eBay,1,91,179,Shopping,27,305,4.0,0.0,492.5016393442623,12567.154915345338,60.747540983606555,6475.395280838485,40340.53114754098,10757704367.363785,0.00837009180327869,3.7569150312883626e-05,0.00737280655737705,3.762134993307175e-05,0.00036759672131147543,9.82473029400699e-08,0.0006296885245901638,1.5016780790110185e-07,0.8773704327868852,0.002075211212429089,0.04519257049180328,0.0013452479628089653,0.07743696721311476,0.0019203301703399089
IGMP,1,0,82,Network,14,299,1.0,0.0,61.264214046822744,8.796411673247501,30.93645484949833,829.4708784018076,1910.428093645485,3207344.4321204457,0.0015354180602006689,7.974252533193142e-07,0.0004888127090301003,2.3570247997225983e-07,0.0007297725752508362,4.542722894151072e-07,0.00031683277591973246,1.1787688842406684e-07,0.38163978595317727,0.040274050448596325,0.39903796989966556,0.07151839646657769,0.21932222408026752,0.03317381736063541
RDP,1,0,88,RemoteAccess,12,286,32.0,0.0,18611.433566433567,13027826.909922246,36.55244755244755,250.1843121913052,22117.321678321678,249595331.6377818,0.01307752097902098,3.5629181726368024e-06,0.00607477972027972,1.6216353539292877e-07,0.0021989265734265735,4.3579570439874807e-07,0.004803814685314685,2.660314053071056e-06,0.4690507377622377,0.0016525392355990639,0.16699332867132868,0.0016557590820388283,0.36395594405594406,0.002079670880822045
TLS.YouTube,1,91,124,Media,1,250,4.0,0.0,547.808,23935.683136,241.608,338067.5983359999,296689.576,836612918975.4122,0.00826502,2.0830923795999996e-06,0.0072343320000000004,1.9552212777760003e-06,0.00036548,1.0182148159999999e-07,0.000665208,2.42297740736e-07,0.87562062,0.0030800539474355997,0.04441313200000001,0.001433801248466576,0.079966256,0.002956464072294464
TLS.FbookReelStory,1,91,337,SocialNetwork,6,248,4.0,0.0,458.2258064516129,2715.19901144641,59.95161290322581,8918.594432882415,46273.01612903226,11715801465.644901,0.007566133064516129,1.6436305347131893e-06,0.006584072580645161,1.3851003173126952e-06,0.00037284677419354844,1.2240384748959417e-07,0.0006092137096774193,1.6624525674752862e-07,0.8703381733870967,0.0029591048788449367,0.04946410483870967,0.0019711855310857833,0.08019772983870968,0.0024160813182374967
TLS.LinkedIn,1,91,233,SocialNetwork,6,228,4.0,0.0,461.55263157894734,1822.2296860572483,28.61842105263158,259.1658010156971,9533.184210526315,202944363.72922438,0.009149043859649124,0.00019292902701562015,0.008138947368421053,0.00019144186416389654,0.00039020175438596484,1.5579933648815018e-07,0.0006198947368421051,2.397003485687904e-07,0.8802727763157895,0.0027882578242175095,0.04648863157894737,0.0019205009805835641,0.07323858771929825,0.0022246367742247614
HTTP.GoogleServices,1,7,239,Web,5,210,3.9952380952380953,0.0047392290249433115,611.2571428571429,4877.886258503401,44.733333333333334,1635.7765079365079,20468.4,1938220675.7257142,0.005837128571428572,2.9162851501360543e-06,0.004767371428571429,2.9176155953741494e-06,0.0003909857142857143,1.5317732836734693e-07,0.0006787714285714286,2.0341659537414966e-07,0.8094494285714285,0.006882903972178231,0.06894086190476191,0.004098907350461882,0.12160967142857142,0.006065217929849182
MDNS,1,0,8,Network,14,197,1.0,0.0,132.90862944162436,4524.824138730707,104.28934010152284,62555.41374423458,14279.842639593908,1068579156.7924966,0.0032735837563451784,5.522831298822438e-06,0.0022484365482233503,3.383035748511943e-06,0.0006784670050761422,6.775673758148883e-07,0.00034668020304568534,1.3197146625782678e-07,0.7082680304568528,0.02847892142760313,0.18203283756345176,0.028515433804745194,0.10969915228426398,0.011058981662910819
NetBIOS.SMBv23,1,10,41,System,18,179,8.94413407821229,0.10861084235822852,1095.5307262569831,8371.668050310538,88.73184357541899,19457.16831559564,23267.351955307262,1312313265.8146749,0.01078632402234637,5.545936263724603e-06,0.009240340782122906,5.727152850347991e-06,0.0005185363128491619,2.0342277382104177e-07,0.0010274469273743017,1.7608767735089415e-07,0.8481835363128489,0.0048890153196229835,0.052801011173184365,0.003376366030837864,0.09901550279329609,0.0016892339182164727
HTTP.Microsoft,1,7,212,Web,5,177,4.011299435028248,0.022471192824539566,452.82485875706215,511.4439018162086,12.248587570621469,23.11334546267037,4544.649717514124,45969288.62306489,0.0075179604519774006,1.0239259857193016e-05,0.006466864406779661,9.9311905691851e-06,0.0003606553672316384,1.3170911851639058e-07,0.0006904406779661017,2.0230767020970988e-07,0.8497744237288135,0.005057943231385425,0.052957310734463275,0.0031690566587452523,0.09726827118644069,0.003695475973338887
DCERPC,1,0,370,RPC,16,165,7.127272727272727,1.4565289256198344,1101.2969696969697,534338.4754453626,32.339393939393936,217.39996326905415,6405.890909090909,27794438.75173554,0.006013157575757576,4.628240847897152e-06,0.00470900606060606,4.245735351478421e-06,0.0004008909090909091,1.1728363658402204e-07,0.0009032606060606061,2.0632102905417814e-07,0.7651870909090909,0.008382121338385676,0.07088795151515151,0.003206378205464315,0.1639249636363636,0.006685327383053222
HTTP.WindowsUpdate,1,7,147,SoftwareUpdate,19,150,4.0,0.0,584.3133333333334,7901.415155555556,35383.253333333334,62943471927.08249,49432932.833333336,1.1119901455219251e+17,0.0069744866666666665,1.0255820609822221e-05,0.0060558800000000005,9.737083398933333e-06,0.0003361733333333333,9.441111662222223e-08,0.0005824333333333333,9.658977888888892e-08,0.85493974,0.004591597334325733,0.051123419999999996,0.0019998664140436,0.09393689999999999,0.0031108222061033333
Telnet,1,0,77,RemoteAccess,12,144,32.0,0.0,1993.423611111111,97283.32749807097,61.048611111111114,1007.7684702932098,3880.2916666666665,8106582.401041667,0.0215874375,2.3872325634982637e-05,0.008051013888888889,1.3701154998070988e-06,0.004496951388888889,2.389243865692515e-06,0.009039472222222223,6.914195110339505e-06,0.3847019791666667,0.003496011137339844,0.20304004166666667,0.0014596192177621528,0.41225799305555555,0.0020378117311180073
TeamViewer,1,0,148,RemoteAccess,12,139,32.618705035971225,28.077635733140102,3047.705035971223,12204599.459758813,109.84892086330935,43638.45918948294,17643.51798561151,4903158810.03385,0.02181177697841727,1.0500431338750582e-05,0.008196050359712229,1.2108132852336838e-06,0.004361043165467627,1.1029097391439364e-06,0.00925468345323741,2.3379682595103772e-06,0.37846844604316543,0.0014762995195420528,0.19785892805755395,0.0007082100057502201,0.423672654676259,0.0010305148315066508
TLS.Cloudflare,1,91,220,Media,1,136,4.0,0.0,447.84558823529414,2609.807039359862,53.35294117647059,2062.4783737024222,31258.382352941175,2230620389.3538055,0.008345132352941176,1.3284204530709342e-06,0.00727364705882353,1.2018363313148786e-06,0.0004610661764705883,1.918691941500865e-07,0.0006104191176470588,1.6816134639922145e-07,0.8722691544117648,0.002774504765909981,0.054719970588235294,0.002417933551440311,0.0730108161764706,0.002103078837855915
SMBv23,1,0,41,System,18,133,32.0,0.0,5463.285714285715,28874.158968850705,33.96992481203007,5.03668946803098,5617.849624060151,78040.69919158798,0.013677849624060151,1.924428774379558e-06,0.00638078947368421,1.721377902651365e-07,0.0024153082706766917,6.20687882412799e-07,0.004881751879699248,6.490709233987224e-07,0.4695458421052631,0.0015242986842532646,0.1744276992481203,0.0019126838482253377,0.3560263684210527,0.001289399476789078
Apple,1,0,140,Web,5,110,32.0,0.0,7822.845454545454,5327709.039752066,78.51818181818182,61471.849669421485,17608.036363636365,4656642229.762314,0.014741990909090908,1.6511634881735537e-05,0.007249118181818181,4.508792496694216e-07,0.002526072727272728,7.161985812892563e-06,0.0049668,2.27499116e-06,0.5083299727272728,0.004910868730699255,0.15738693636363638,0.003742661112950496,0.3342830272727274,0.0018297503586628926
QUIC.GoogleServices,1,188,239,Web,5,103,1.0,0.0,1392.0,0.0,25.718446601941746,932.4741257422945,15874.883495145632,834163396.7242906,0.0026726019417475737,1.3048720260156472e-06,0.0019482427184466015,4.849690381751344e-07,0.0004390388349514563,3.772907946083514e-07,0.0002853203883495146,1.0791388764256766e-07,0.749048427184466,0.020528704190050522,0.1466145145631068,0.020894773299609013,0.10433700970873788,0.010621822201077576
HTTP.Microsoft365,1,7,219,Collaborative,15,91,4.0,0.0,560.7362637362637,49941.908465161214,15.142857142857142,41.7927786499215,3154.285714285714,2955392.5996860284,0.006030274725274724,3.0594893201304197e-06,0.004991252747252747,2.5450751119430022e-06,0.00038984615384615387,1.4276494336432796e-07,0.0006491758241758241,2.385205405144307e-07,0.8256159890109891,0.005636175103307573,0.06437035164835164,0.003539985271634585,0.11001372527472529,0.004880701339627823
HTTP.Yahoo,1,7,70,Advertisement,101,88,4.0,0.0,751.9886363636364,89787.10214359502,16.261363636363637,48.46577995867768,3118.556818181818,10648282.769498967,0.006935579545454545,6.4273021300361575e-06,0.005938488636363637,6.3843095680526854e-06,0.0003558181818181818,1.0681085330578514e-07,0.0006412727272727274,1.3193147107438017e-07,0.8449811931818182,0.004775778841019499,0.052823329545454545,0.0020619965583573087,0.10219544318181818,0.004303531156496771
TLS.WindowsUpdate,1,91,147,SoftwareUpdate,19,88,4.011363636363637,0.011234504132231406,458.96590909090907,887.1920196280993,74.26136363636364,8469.556689049588,85357.47727272728,21731894131.908573,0.01007953409090909,1.835071112474174e-06,0.009177852272727273,1.9139538531766534e-06,0.0003018863636363636,9.421564617768595e-08,0.0005997954545454545,1.125558445247934e-07,0.9097451249999999,0.0015659415083821022,0.029768215909090904,0.0008800882216238378,0.06048665909090909,0.0012237587184974175
HTTP.SOAP,1,7,253,Collaborative,15,83,4.0,0.0,608.433734939759,838.6552474960084,16.795180722891565,52.01829002758021,8997.530120481928,109579218.63463494,0.006132445783132529,9.480221644650893e-06,0.005216662650602409,9.554503934388156e-06,0.0003577951807228915,1.2896459660328062e-07,0.0005579879518072289,1.5754890346929892e-07,0.837062204819277,0.0066366805850785315,0.06370890361445783,0.00400934333659312,0.0992288795180723,0.004420243785696327
TLS.Salesforce,1,91,266,Web,5,76,4.0,0.0,485.5263157894737,530.3545706371191,27.157894736842106,588.0540166204985,8099.9473684210525,228539951.47091404,0.009370736842105262,9.728835096952908e-07,0.0084215,8.625269868421053e-07,0.00033,1.1170581578947367e-07,0.0006192368421052631,1.6043157548476454e-07,0.8993946184210524,0.0019278960944201869,0.03430776315789474,0.0010052051554702217,0.06629761842105264,0.0017164461138149236
HTTP_Connect.Microsoft365,1,130,219,Collaborative,15,70,4.0,0.0,434.2857142857143,67.34693877551022,27.257142857142856,152.56244897959184,25483.1,5318411931.861429,0.005048828571428572,8.995162563265307e-07,0.004073257142857142,6.846043624489797e-07,0.0003360714285714285,1.7859289489795914e-07,0.0006395,1.7812453571428573e-07,0.8101013857142858,0.007159517201694085,0.06485631428571428,0.005501596317472654,0.12504235714285714,0.005401095748343877
DHCPV6,1,0,103,Network,14,67,1.0,0.0,118.0,292.089552238806,309.1641791044776,1713967.8387168634,50106.02985074627,46739835254.864784,0.0033194029850746273,1.4013964793940741e-06,0.002312731343283582,8.012223457340165e-07,0.0006778955223880598,4.599463323680108e-07,0.00032877611940298514,1.407641737580753e-07,0.7161011492537313,0.023824897625529966,0.18462271641791048,0.026568233761576295,0.09927607462686568,0.010681337238516818
TLS.Alibaba,1,91,274,Web,5,62,4.0,0.0,497.69354838709677,13965.599635796047,85.96774193548387,33175.77315296566,68355.5,36903563074.6371,0.007985645161290323,5.853349708636836e-07,0.007013854838709678,4.191990273152967e-07,0.0003334838709677419,8.18102174817898e-08,0.000638306451612903,1.792717286680541e-07,0.8800806451612904,0.0024830212305515086,0.041405645161290326,0.0011645872832934442,0.07851377419354841,0.0022644800108522376
HTTP.AWS_Cloudfront,1,7,464,Cloud,13,59,4.0,0.0,697.1016949152543,121821.00660729675,48.59322033898305,5853.834530307384,24903.98305084746,6658443135.948865,0.005320423728813559,1.1969118374030454e-06,0.004337016949152542,1.1147862878483194e-06,0.0002906101694915254,5.473820396437806e-08,0.0006927966101694914,2.4732406032749203e-07,0.8146966440677965,0.006922246854025855,0.05615898305084745,0.001990845188118357,0.12914442372881355,0.006656507137600114
TLS.VK,1,91,22,SocialNetwork,6,57,4.0,0.0,502.7719298245614,17047.755001538935,90.7719298245614,18805.053247152966,73487.59649122808,23116252797.082794,0.008106947368421052,8.881830323176361e-07,0.007122052631578947,6.61490084949215e-07,0.00036821052631578945,8.222504339796858e-08,0.0006166842105263158,1.6698768975069253e-07,0.8801206140350877,0.0020954055983773466,0.045114894736842104,0.0011359911640240073,0.07476452631578948,0.0019626432222142197
NetBIOS.SMBv1,1,10,16,System,18,55,1.4363636363636363,5.045950413223138,316.8909090909091,89645.00628099174,107.58181818181818,59577.04330578512,28288.454545454544,4251502468.029753,0.0036063090909090913,5.751774068099173e-06,0.0023832,4.4513646327272725e-06,0.0008900727272727274,4.83757921983471e-07,0.00033303636363636363,1.631685441322314e-07,0.6599784727272726,0.030263005593776527,0.24417549090909088,0.03234934372155901,0.09584610909090908,0.009797504081697193
HTTP_Connect.Github,1,130,203,Collaborative,15,55,4.0,0.0,409.8181818181818,93.42148760330579,24.381818181818183,23.472396694214886,10296.418181818182,5753322.934214877,0.004853763636363637,3.0750392714049593e-06,0.003648054545454545,1.5436479424793389e-06,0.0005086181818181818,6.056544542148761e-07,0.0006970909090909089,2.594865917355371e-07,0.7633559454545452,0.009433415251397024,0.09538252727272728,0.010428753936031073,0.14126154545454545,0.006180176629229751
POPS,1,0,23,Email,3,53,32.45283018867924,3.4553221787112824,10836.528301886792,99533099.72089708,127.30188679245283,16254.814524741905,93394.03773584905,23693907979.394806,0.011077018867924528,1.4539713770024922e-06,0.005829113207547169,8.139852702029193e-07,0.0015872641509433961,3.791886472054111e-07,0.003660641509433962,4.870611733713065e-07,0.5268800943396226,0.0036098528273684587,0.14203635849056603,0.00234444784219224,0.3310836037735849,0.002888573916314703
IMAP,1,0,4,Email,3,50,32.2,0.31999999999999995,5546.0,6319141.32,56.14,708.4404000000001,9040.56,54058854.24640001,0.01507374,1.60143624724e-05,0.006543360000000001,1.9107479103999996e-06,0.00268272,1.3219793616e-06,0.00584766,3.5138892644000002e-06,0.44236758000000004,0.0024359768107236,0.17273568,0.0016882422907776,0.38489668,0.0017703090244575994
TLS.IHeartRadio,1,91,325,Music,25,48,4.0,0.0,419.875,197.02604166666666,137.27083333333334,107292.94748263888,148679.1875,189040097122.2357,0.006126437499999999,1.1220212877604169e-06,0.005152291666666667,1.0692088315972222e-06,0.0003385833333333333,1.3333040972222218e-07,0.0006355625,1.3241491276041664e-07,0.8415197916666667,0.004140095378581597,0.05460183333333333,0.002882875889347222,0.10387837500000001,0.003120456896567708
STUN,1,0,78,Network,14,46,3.6956521739130435,76.29867674858225,689.9782608695652,4799948.499527412,29.32608695652174,8202.958884688089,2923.804347826087,67759769.63563327,0.0028493478260869566,1.3806510183364837e-05,0.0015802173913043477,3.6750330831758036e-06,0.0004815,4.478239891304349e-07,0.0007876304347826088,1.7732488416824198e-06,0.5905475652173913,0.030177460564028365,0.17277489130434784,0.02223900972735775,0.2366776086956522,0.034436289830412095
TLS.Azure,1,91,276,Cloud,13,44,4.0,0.0,480.6136363636364,5048.555268595042,115.0,85297.09090909091,109825.43181818182,121909642498.65448,0.010986727272727271,0.0002423036858347107,0.009997250000000001,0.0002404071011420455,0.00037531818181818185,1.2551517148760329e-07,0.000614159090909091,1.9103881559917357e-07,0.8894073181818182,0.002855151890580578,0.04333481818181818,0.0017424997373305785,0.06725788636363637,0.002002892261737087
TLS.Teams,1,91,250,Collaborative,15,43,4.0,0.0,714.4186046511628,3781.3131422390493,15.0,3.953488372093023,4176.581395348837,8775090.522444563,0.011916069767441861,1.5824278323418062e-06,0.010802651162790696,1.8312517620335318e-06,0.0003329767441860465,1.1745392969172527e-07,0.0007804418604651164,1.5463401406165498e-07,0.9056615116279069,0.0014908482382033534,0.02758781395348837,0.0007107507120118982,0.06675076744186047,0.0012444520400389399
TLS.MS_OneDrive,1,91,221,Cloud,13,42,4.0,0.0,446.3095238095238,300.9280045351474,30.666666666666668,760.6031746031747,9791.57142857143,27772332.625850342,0.011243857142857142,5.789442931972788e-06,0.010100023809523809,4.733541547052155e-06,0.0004616190476190476,1.8613333106575961e-07,0.0006822142857142857,4.596376921768708e-07,0.9002619523809523,0.0027061533765215424,0.0422322619047619,0.001618278149574263,0.05750576190476191,0.0019328969238480728
TLS.Pinterest,1,91,183,SocialNetwork,6,40,4.0,0.0,461.725,2548.099375,36.175,207.144375,10185.1,59684322.89000001,0.00826295,4.791948975e-07,0.007164375000000001,2.093955843750001e-07,0.00043082499999999997,1.45839894375e-07,0.00066775,2.101829875e-07,0.86972795,0.0023291759162475,0.051508225,0.001944726007924375,0.07876385,0.0023807729817275003
HTTP.Twitter,1,7,120,SocialNetwork,6,38,4.0,0.0,743.9473684210526,11976.313019390582,61.28947368421053,29273.62673130192,57371.89473684211,50323266933.30472,0.0059631052631578954,3.6560451468144047e-06,0.0048846842105263145,3.127509847645429e-06,0.0005022368421052631,3.8604149653739614e-07,0.0005761842105263159,1.547887292243767e-07,0.8193049210526316,0.007673669390809557,0.08306744736842105,0.007376275290457757,0.09762760526315789,0.0036253728371862877
HTTP.Facebook,1,7,119,SocialNetwork,6,38,4.0,0.0,618.3947368421053,2198.8178670360107,24.394736842105264,85.87049861495844,12908.342105263158,106942361.96191138,0.005471157894736841,3.839486764542938e-06,0.004383921052631578,3.836412914819945e-06,0.00044536842105263164,1.618860747922438e-07,0.0006418684210526314,1.458449037396122e-07,0.7959005,0.0053725713407763165,0.08160613157894736,0.004882180924166897,0.12249326315789476,0.005110437429930749
TLS.GoTo,1,91,293,VoIP,10,32,4.0,0.0,512.90625,15151.0849609375,577.90625,490080.8974609375,649898.46875,716547713006.8115,0.009451593749999999,2.0428638991210928e-05,0.00840490625,2.1245855022460938e-05,0.00041049999999999995,3.023485e-07,0.0006361875,1.4042690234374998e-07,0.8797212812499999,0.003973777975702148,0.0451809375,0.002929601397621093,0.07509790625000001,0.002317885918022461
HTTP_Connect.Azure,1,130,276,Cloud,13,31,4.0,0.0,447.16129032258067,21.103017689906352,24.387096774193548,3.3985431841831426,12150.451612903225,157181894.37669098,0.006665870967741936,1.575587596253902e-06,0.0057225806451612895,1.2813353402705516e-06,0.00030435483870967745,1.0475790634755467e-07,0.0006389354838709677,1.6069909261186263e-07,0.8594932258064516,0.0033334752409490123,0.04706532258064518,0.002594929381831426,0.0934413870967742,0.0025247039050114465
TLS.RUTUBE,1,91,443,Media,1,30,4.0,0.0,763.1666666666666,10302.605555555554,201.33333333333334,102088.28888888888,235321.03333333333,187919492895.69894,0.008096166666666666,1.1555348055555557e-06,0.006905966666666666,2.7272569888888897e-07,0.0004732,8.753080933333333e-07,0.0007169999999999999,1.6529993333333335e-07,0.8615735666666668,0.00587549535637889,0.05100909999999999,0.006343291111356667,0.08741733333333333,0.0020853352365555553
Blizzard,1,0,213,Game,8,30,16.133333333333333,192.51555555555558,2335.9666666666667,3470187.232222222,216.8,102702.76000000007,49195.76666666667,1453840641.2455559,0.009961133333333332,6.0416457382222224e-05,0.004734133333333334,6.685637115555556e-06,0.0018319666666666667,6.526219298888889e-06,0.003395033333333334,1.0146383365555556e-05,0.5817491333333334,0.02180764542091556,0.14279449999999996,0.00876812566985,0.27545626666666667,0.01560227235592889
HTTP.Canonical,1,7,169,Cloud,13,26,4.0,0.0,500.6923076923077,3373.5976331360944,1389.3461538461538,27860792.149408285,3069867.653846154,176785094454365.16,0.005337846153846155,3.6238346686390532e-06,0.004309192307692307,2.703743847633136e-06,0.0003910384615384615,2.2682980621301779e-07,0.0006376153846153846,2.0184662130177515e-07,0.8075328076923076,0.006573470878463017,0.07114369230769231,0.00571755360075148,0.12132346153846153,0.005080010611094675
SMTPS,1,0,29,Email,3,26,6.153846153846154,55.66863905325444,932.1153846153846,3389344.6405325434,52.65384615384615,252.30325443786978,5905.538461538462,3193506.479289941,0.006696730769230769,4.135600119822485e-06,0.005401923076923077,2.518343378698225e-06,0.0004415384615384616,1.781009408284024e-07,0.0008532692307692306,8.704479659763314e-07,0.8185607307692307,0.011380510159196746,0.06346884615384615,0.002639522581591716,0.11797046153846155,0.007444682475710059
HTTP.AWS_S3,1,7,463,Cloud,13,25,4.0,0.0,607.2,4128.240000000001,21.72,169.4016,9039.2,251201349.52000007,0.0048706,3.064402400000001e-07,0.0038622400000000003,1.3315074239999994e-07,0.00029108,6.539807360000001e-08,0.00071728,2.3473612159999998e-07,0.79848688,0.0059716265254656,0.059567680000000005,0.0026462042297375997,0.14194536000000002,0.006662444910790401
HTTP.Cloudflare,1,7,220,Media,1,24,4.0,0.0,615.8333333333334,1049.0555555555554,23.25,44.770833333333336,5616.0,37803138.083333336,0.0054513750000000005,1.0173615677083334e-06,0.004383541666666667,8.22487831597222e-07,0.0004024583333333334,1.0786108159722221e-07,0.0006653750000000001,1.5107156770833335e-07,0.804928,0.004223402097083333,0.07329433333333334,0.003340088664305555,0.12177766666666667,0.0044494980393888885
Akamai,1,0,467,Database,11,24,32.0,0.0,11864.625,133905936.984375,3041.2083333333335,96737773.24826388,2877144.875,98210074391512.44,0.013568458333333333,4.914358664930554e-06,0.007064541666666667,4.547199149305555e-07,0.0020100416666666665,3.9753453993055557e-07,0.0044938750000000005,1.5586151927083335e-06,0.5262424583333333,0.0015087858075815968,0.1470749166666667,0.0012976004818263888,0.3266826666666666,0.0017968048503888895
AWS_EC2,1,0,461,Cloud,13,23,31.043478260869566,9.693761814744802,6220.695652173913,32683832.82041588,271.30434782608694,423549.08128544426,69887.69565217392,47525150868.12476,0.017738391304347824,1.5769947194706994e-05,0.008729913043478258,1.4470684948960303e-05,0.0028675217391304353,1.284050423440454e-06,0.00614095652173913,5.549485780718337e-06,0.4910640869565217,0.01738438685529679,0.16355465217391305,0.002935004766748582,0.345381347826087,0.008613912649096408
JSON,1,0,468,Network,14,23,1.0,0.0,403.4347826086956,82295.28922495272,37666.95652173913,2293849534.1285443,19440287.608695652,626640428778815.9,0.011732739130434785,7.97913633232514e-05,0.010164652173913045,6.853141744423441e-05,0.0011877391304347825,1.138376627599244e-06,0.00038034782608695655,1.0671840075614368e-07,0.8359515652173913,0.007677698255463134,0.10412856521739129,0.007138235415810964,0.05991995652173913,0.005518296834041588
TLS.Cachefly,1,91,289,Cloud,13,22,4.0,0.0,427.0,214.9090909090909,42.09090909090909,216.71900826446281,12291.227272727272,36264694.26652892,0.006740045454545454,3.1681740702479325e-07,0.005664545454545454,4.3394461157024786e-07,0.00045577272727272724,3.2172653925619835e-07,0.0006197272727272727,1.3006856198347108e-07,0.8418047727272728,0.006189554679721074,0.06623672727272728,0.006085652153198348,0.09195845454545454,0.002737141517247933
TLS.Tumblr,1,91,90,SocialNetwork,6,20,4.0,0.0,686.8,17429.46,29.75,22.8875,5257.15,5413055.1275,0.008898650000000001,2.4557062275e-06,0.00792195,2.0859737475000003e-06,0.00046035,1.2926482750000002e-07,0.00051635,8.12504275e-08,0.8907644999999998,0.0014881162330499995,0.05228625000000001,0.0016319820603875,0.056949150000000004,0.0006295008540274999
TLS.Tor,1,91,163,VPN,2,19,4.0,0.0,441.10526315789474,316.5152354570636,21.36842105263158,63.18005540166204,6563.368421052632,16502123.916897511,0.008625473684210525,1.2086709861495845e-06,0.007669368421052632,8.368022326869808e-07,0.0004106315789473684,1.2386223268698061e-07,0.0005454736842105263,9.680803878116342e-08,0.8908555263157896,0.0011630490969861493,0.046303315789473685,0.0013288764355844876,0.06284126315789473,0.0010539132676675902
BJNP,1,0,204,System,18,19,1.0,0.0,67.57894736842105,78.98060941828257,215.8421052631579,40529.08033240996,14886.947368421053,200231944.15512466,0.0016721052631578947,7.95375567867036e-07,0.0007366315789473684,3.1750475900277005e-07,0.0005631052631578947,5.026798836565097e-07,0.0003723684210526316,1.3945749584487537e-07,0.4851351578947368,0.040923638238448766,0.2766303157894737,0.07601729736863712,0.23823442105263154,0.04506799272466483
TLS.NetFlix,1,91,133,Video,26,18,4.0,0.0,438.55555555555554,5.80246913580247,36.5,548.1388888888889,19324.61111111111,738154453.3487655,0.007919111111111111,4.38805098765432e-07,0.006898833333333333,2.247822499999999e-07,0.00034805555555555555,1.081219413580247e-07,0.0006722222222222222,1.4324395061728398e-07,0.8732833888888889,0.0019238251075709885,0.04330427777777778,0.0014726876753117285,0.0834123888888889,0.0019046224276820988
HTTP.AmazonAWS,1,7,265,Cloud,13,18,4.0,0.0,585.6111111111111,7678.793209876543,27.88888888888889,40.876543209876544,2358.8888888888887,172429.987654321,0.006015888888888888,5.751011543209877e-06,0.005144111111111111,5.598462432098766e-06,0.0003992777777777777,1.169790895061728e-07,0.00047249999999999994,6.132925000000001e-08,0.8444039444444444,0.004334751026941359,0.06913805555555555,0.003176831554496914,0.08645772222222221,0.0022260515508672842
IRC,1,0,65,Chat,9,18,17.22222222222222,0.3950617283950617,1316.5555555555557,1935.802469135803,51.77777777777778,25.728395061728396,4064.4444444444443,114171.35802469135,0.01701838888888889,4.789423237654321e-06,0.014729666666666665,5.190267555555556e-06,0.0006751666666666667,2.3143580555555545e-07,0.0016135555555555554,1.2106724691358028e-07,0.8629885,0.00148118271925,0.04053916666666667,0.0008323963759166665,0.09647244444444444,0.0007248210690246915
MQTT,1,0,222,RPC,16,18,11.833333333333334,178.13888888888889,1334.2222222222222,1934875.2839506173,56874.77777777778,1335060609.1728394,11280070.333333334,49646440543126.78,0.020749,0.0002513815267777777,0.0126155,9.879522113888888e-05,0.005598888888888889,0.00012104907543209877,0.002534611111111111,8.566113126543209e-06,0.5998357777777779,0.03387315996106173,0.2536642777777777,0.02894969256764507,0.14650016666666668,0.024320558412472226
QUIC.YouTube,1,188,124,Media,1,17,1.0,0.0,1392.0,0.0,40.0,1008.3529411764706,22501.235294117647,850117900.768166,0.001907294117647059,3.0508091349480965e-07,0.0012845294117647058,1.5870213148788924e-07,0.00038,1.214334117647059e-07,0.00024276470588235292,8.366370934256054e-08,0.6940631176470589,0.022249708070103808,0.18576823529411768,0.022790334529591696,0.12016870588235296,0.01322255894785467
DHCP,1,0,18,Network,14,15,1.0,0.0,478.46666666666664,14789.182222222222,11.666666666666666,40.35555555555555,5540.866666666667,8733963.582222221,0.0049154666666666675,7.843743822222224e-07,0.004315200000000001,4.889046933333334e-07,0.0002610666666666667,6.730979555555557e-08,0.00033919999999999995,9.341522666666667e-08,0.8818322000000001,0.002956811328826667,0.05332606666666666,0.0021330576863288885,0.06484166666666666,0.0022938933107555554
TLS.Github,1,91,203,Collaborative,15,15,4.0,0.0,441.6,30.50666666666666,49.733333333333334,2208.9955555555557,37885.933333333334,2462494444.328888,0.007787333333333333,6.749003555555554e-07,0.0069335333333333336,3.177238488888888e-07,0.0003098,1.1178229333333334e-07,0.0005439999999999999,1.0804333333333334e-07,0.8934057333333333,0.0017698049088622214,0.0371702,0.0014008837965600002,0.06942413333333333,0.001565536256648889
TLS.Instagram,1,91,211,SocialNetwork,6,15,4.0,0.0,448.6,31.439999999999994,93.06666666666666,14204.46222222222,84558.4,22613609867.706657,0.008301066666666666,4.957608622222224e-07,0.0072538,3.874656266666668e-07,0.0003696,1.2905717333333336e-07,0.0006776666666666667,2.416859555555556e-07,0.8756176666666666,0.0029378492483555555,0.04292173333333334,0.001501966221528889,0.0814606,0.0032370899181066665
TLS.GoogleMaps,1,91,123,Web,5,14,4.0,0.0,448.35714285714283,243.0867346938776,154.85714285714286,82586.83673469386,118402.35714285714,70006277953.94386,0.008311142857142857,1.500833836734693e-06,0.007395071428571429,1.674315494897959e-06,0.00036828571428571433,1.0688920408163265e-07,0.0005477857142857144,8.913431122448979e-08,0.887888,0.002152325705285714,0.045999500000000006,0.0017888754845357146,0.06611242857142856,0.0012408480532448978
HTTP.DisneyPlus,1,7,71,Streaming,17,14,4.0,0.0,1150.0,327532.14285714284,76.42857142857143,11565.530612244896,79271.57142857143,20291586956.959187,0.014969428571428574,0.00011535514538775511,0.013954285714285716,0.00011700727920408161,0.00031464285714285714,1.2324322959183674e-07,0.0007005000000000001,1.3915553571428574e-07,0.8727280714285716,0.009498220025352042,0.040520214285714284,0.0025395432354540816,0.08675192857142856,0.006742853463066327
ETHEREUM,1,0,354,Crypto_Currency,106,13,32.0,0.0,3868.3846153846152,4646103.928994083,1430.4615384615386,349125.47928994085,174982.6923076923,2487624384.8284025,0.01552323076923077,4.6370535715976325e-05,0.007052923076923077,9.474422248520711e-07,0.0015273076923076922,2.496428284023669e-07,0.006943,4.509959815384616e-05,0.4973527692307692,0.011528812518331362,0.10525115384615383,0.0009941468862840234,0.3973963076923077,0.014174292508213011
TLS.DirecTV,1,91,318,Streaming,17,13,4.0,0.0,663.4615384615385,28811.94082840236,146.76923076923077,18940.331360946744,152916.53846153847,29664875375.633133,0.007801692307692307,3.158239053254439e-07,0.006832615384615385,2.4885362130177525e-07,0.0003246153846153846,1.0127931360946747e-07,0.0006444615384615383,3.0690147928994085e-07,0.8782889230769231,0.004179955215609469,0.040776076923076915,0.001446093701147929,0.080935,0.004045268538615384
TLS.Huawei,1,91,398,Web,5,12,4.0,0.0,725.6666666666666,15049.555555555555,85.91666666666667,3167.5763888888887,59336.166666666664,4376417394.472222,0.008156,9.260681666666668e-07,0.007213333333333333,6.515018888888888e-07,0.0003165,5.5436916666666666e-08,0.0006261666666666667,1.2235047222222224e-07,0.8858690833333333,0.0013689510690763883,0.038565833333333334,0.0007689292639722223,0.07556516666666667,0.0015120105356388888
HTTP.Espn,1,7,466,Streaming,17,12,4.0,0.0,566.3333333333334,0.3888888888888889,253.08333333333334,2359.7430555555557,274219.6666666667,4353582653.555556,0.006103916666666666,2.221273743055556e-06,0.005161166666666667,2.4866278055555558e-06,0.0004296666666666667,1.1961688888888886e-07,0.0005130833333333334,8.12275763888889e-08,0.8383559166666666,0.004493088499743055,0.07307416666666666,0.0032937461039722216,0.08856983333333335,0.0027599413898055556
HTTP.Huawei,1,7,398,Web,5,12,4.0,0.0,572.4166666666666,482.24305555555566,93.0,4632.0,75271.58333333333,6752217760.576389,0.004835166666666666,1.9580488055555554e-06,0.0037940833333333333,1.3417282430555557e-06,0.00048741666666666676,1.333070763888889e-07,0.0005536666666666666,8.754422222222222e-08,0.7860740833333333,0.0033339216380763887,0.09236166666666668,0.0028922301368888887,0.12156424999999998,0.004537536090354166
TLS.Taobao,1,91,436,Shopping,27,12,4.166666666666667,0.1388888888888889,521.25,22038.6875,29.583333333333332,112.74305555555554,9236.5,44944373.083333336,0.008251333333333334,3.8868072222222215e-07,0.0072106666666666664,2.755700555555556e-07,0.00032500000000000004,8.774583333333334e-08,0.0007156666666666666,1.598217222222222e-07,0.8752111666666668,0.002046861051138888,0.03970416666666666,0.001366682912972223,0.08508475,0.0019691401806875004
TLS.Apple,1,91,140,Web,5,11,4.0,0.0,413.45454545454544,209.88429752066114,1628.7272727272727,6212668.380165288,1697505.5454545454,6331770536893.704,0.006229818181818183,1.3915421487603306e-06,0.005399363636363636,1.4801591404958673e-06,0.0003013636363636364,5.258659504132232e-08,0.0005290909090909091,9.033080991735537e-08,0.8636135454545454,0.003037142615157022,0.04938372727272728,0.0012766186172892564,0.08700263636363637,0.0025284781425950415
RSYNC,1,0,166,DataTransfer,4,11,32.0,0.0,16643.090909090908,128032404.80991735,23696.272727272728,970875346.5619835,28577288.727272727,1191307635671597.0,0.011774545454545456,5.188911570247929e-07,0.006262454545454546,1.6788133884297518e-07,0.0015696363636363635,3.49367867768595e-07,0.003942454545454546,2.7943242975206613e-07,0.5328314545454546,0.0012346840197024792,0.1329876363636364,0.00245264985368595,0.33418054545454545,0.0011918368189752062
TLS.AmazonAWS,1,91,265,Cloud,13,11,4.0,0.0,497.54545454545456,814.9752066115702,25.727272727272727,30.74380165289256,8776.09090909091,4958639.173553719,0.00937509090909091,2.41781517355372e-06,0.008302363636363637,2.8849515041322318e-06,0.00034199999999999996,1.2121872727272728e-07,0.0007307272727272728,1.3316456198347107e-07,0.8816741818181818,0.002002936687966943,0.037834,0.0015914009203636364,0.08049172727272727,0.0019000588745619836
TLS.Deezer,1,91,210,Music,25,10,4.0,0.0,449.6,278.44,30.2,131.76,18385.3,124242553.41,0.008994199999999999,4.341333599999998e-07,0.008072399999999999,3.240384399999999e-07,0.00027649999999999994,4.230085e-08,0.0006453,1.1793821e-07,0.8983950999999999,0.00126603158589,0.030479600000000003,0.0004385594272399999,0.0711251,0.00131957810289
Munin,1,0,329,System,18,9,32.0,0.0,2319.777777777778,17.28395061728395,213.77777777777777,0.39506172839506176,15299.333333333334,1694.222222222222,0.01528688888888889,1.7157234320987662e-06,0.007417444444444444,5.382633580246914e-07,0.002585444444444444,2.3431758024691352e-07,0.0052840000000000005,1.0028786666666665e-06,0.48694600000000005,0.002045719942666666,0.16895977777777776,0.0007861867039506175,0.344094,0.0025476868724444443
HTTP.QQ,1,7,48,Chat,9,9,4.0,0.0,687.0,36282.0,61.888888888888886,2452.3209876543206,45272.88888888889,2539366563.876543,0.005545444444444445,6.428466691358024e-06,0.004460444444444444,5.905389135802469e-06,0.00043944444444444434,1.1416869135802469e-07,0.0006455555555555556,1.47926024691358e-07,0.789868,0.0042809512428888885,0.08182511111111111,0.0037860391120987658,0.1283068888888889,0.005543434518098766
HTTP.Mozilla,1,7,125,Web,5,8,4.0,0.0,723.125,18014.859375,4417.375,19909242.234375,5508083.125,30421156339598.36,0.00822875,9.2795519375e-06,0.0073595,8.23267575e-06,0.000262625,7.651273437500001e-08,0.000606625,1.2511598437500003e-07,0.889157375,0.0013863171274843752,0.030470749999999998,0.0004592364516874999,0.08037150000000001,0.0015398109662500001
BITCOIN,1,0,343,Crypto_Currency,106,8,32.0,0.0,7324.125,31543148.859375,2170.5,3312787.25,344934.75,145153873456.1875,0.0146645,8.06287225e-06,0.0071797499999999995,5.049381874999997e-07,0.0019364999999999999,4.4372875000000004e-07,0.00554825,2.8610621875000003e-06,0.499985375,0.0031948600022343766,0.12910412500000001,0.001012153069109375,0.37091062500000005,0.002310611426734375
TLS.DisneyPlus,1,91,71,Streaming,17,7,4.0,0.0,581.8571428571429,24630.12244897959,170.0,21863.14285714286,166830.85714285713,29041811873.83674,0.010038714285714286,5.096983346938776e-06,0.008685428571428571,4.464405102040816e-06,0.000742857142857143,5.101055510204081e-07,0.0006104285714285714,1.3852995918367348e-07,0.8654602857142857,0.003523736559346941,0.07042871428571428,0.004594341473632651,0.06411071428571428,0.0017091673007755108
HTTP.Naver,1,7,433,Web,5,7,4.0,0.0,832.8571428571429,16172.408163265305,14.0,96.0,2752.0,7085790.857142857,0.01558142857142857,2.419953081632653e-05,0.014772999999999998,2.2988314571428572e-05,0.0004121428571428571,1.2389412244897958e-07,0.0003962857142857143,2.4704897959183668e-09,0.93916,0.0011601327902857135,0.02708814285714286,0.000359372260122449,0.03375171428571428,0.0007251565822040817
TLS.Xiaomi,1,91,287,Web,5,7,4.0,0.0,435.85714285714283,2.122448979591837,18.142857142857142,1.2653061224489797,6819.0,13516.857142857143,0.008606714285714285,6.359879183673471e-07,0.007698999999999999,6.124088571428572e-07,0.00020042857142857143,1.5419387755102038e-08,0.0007072857142857142,1.1768877551020408e-07,0.8946622857142857,0.0020537033742040823,0.022681,0.00014087626114285716,0.08265685714285716,0.0017015548744081634
HTTP.AppleiTunes,1,7,145,Streaming,17,6,4.0,0.0,575.6666666666666,359.2222222222222,36.666666666666664,4.88888888888889,9080.666666666666,51879.22222222222,0.004816666666666667,2.92997888888889e-07,0.0040676666666666665,3.47004888888889e-07,0.0002323333333333334,3.9605555555555556e-09,0.0005166666666666667,7.547888888888888e-08,0.8430378333333333,0.002557224214805557,0.04885116666666667,0.00018664300913888887,0.1081105,0.003276671323583334
AH,1,0,116,VPN,2,6,1.0,0.0,411.3333333333333,109006.22222222223,3377.3333333333335,22046623.22222222,4559013.333333333,38211786928466.23,0.0019660000000000003,1.0260133333333335e-07,0.0011560000000000001,4.672199999999999e-08,0.0003211666666666667,7.113647222222222e-08,0.0004888333333333333,1.3710280555555553e-07,0.6021933333333334,0.018224582319222225,0.16444716666666667,0.017737510673472224,0.23335950000000003,0.027038098489583332
RTMP,1,0,174,Media,1,6,32.0,0.0,36609.0,28980618.666666668,13503.833333333334,325407099.1388889,16295326.666666666,537202870697281.56,0.011149833333333333,5.155499805555555e-06,0.005829999999999999,5.419376666666666e-07,0.0010450000000000001,1.5494666666666668e-07,0.004274833333333334,1.5901484722222222e-06,0.5331305,0.0029129477239166653,0.09031633333333333,0.0003323882378888888,0.3765528333333334,0.001601879706472223
WebSocket,1,0,251,Web,5,6,1.0,0.0,185.0,32.0,86681.33333333333,811643064.888889,34384790.333333336,197425867408348.22,0.013150333333333333,0.00014620038822222222,0.010346666666666665,0.00013676980355555556,0.0025676666666666664,1.0106288888888888e-07,0.000236,1.778466666666667e-08,0.5944923333333333,0.04393675419355556,0.3801213333333333,0.04058894139088889,0.025386333333333334,6.661911822222223e-05
POP3,1,0,2,Email,3,5,32.0,0.0,11379.8,187282345.35999998,41.6,104.24000000000001,18101.2,653871990.1600001,0.0119478,1.7620295999999997e-07,0.0062927999999999994,3.810216000000006e-08,0.0020548,1.7157095999999996e-07,0.0036002,1.0877776e-07,0.5268132,4.760681576000035e-05,0.17165919999999998,0.0010198358133599998,0.3015274,0.0007293005426400005
HTTP.WebSocket,1,7,251,Web,5,5,4.0,0.0,700.0,10986.4,26075.4,1103350530.6399999,13342871.2,249748339637329.4,0.008918,5.4913624000000005e-06,0.0079968,6.08226976e-06,0.0003302,9.714656000000001e-08,0.0005909999999999999,9.350839999999999e-08,0.8896834,0.0030968331570399967,0.038292599999999996,0.00139421104104,0.07202360000000001,0.002004225323839999
HTTP.Apple,1,7,140,Web,5,5,4.0,0.0,787.2,153.76,10.0,0.0,1483.4,231.04000000000002,0.009644400000000001,3.8161993840000005e-05,0.008426999999999999,3.630010399999999e-05,0.0002126,1.6738400000000003e-09,0.0010048000000000001,6.182405599999999e-07,0.8478479999999999,0.013715078271199999,0.030344799999999998,0.00017743973296,0.121807,0.012651227837600004
HTTP.MpegDash,1,7,291,Advertisement,101,5,4.0,0.0,863.4,32669.04,965.8,1377790.5599999998,1097787.2,1795732806358.1597,0.005547000000000001,3.6564039999999985e-07,0.0047496,1.338338400000001e-07,0.0002828,8.989576000000002e-08,0.0005145999999999999,7.052143999999998e-08,0.8600898000000001,0.0022736171289599967,0.0471854,0.00194537209304,0.092725,0.0019882004628000004
Outlook,1,0,21,Email,3,5,32.0,0.0,19537.8,202439876.96,4585.2,17601431.759999998,4473237.0,16877601671014.4,0.015001,2.3308318000000004e-05,0.0077718,1.3059593599999994e-06,0.0020316,1.2794182399999999e-06,0.005197599999999999,6.962787439999999e-06,0.5434914,0.007106650158640001,0.12672339999999999,0.0014089305490399997,0.32978459999999993,0.0027738615706400004
TLS.PlayStore,1,91,228,SoftwareUpdate,19,5,4.0,0.0,440.4,3.84,37.0,252.8,10014.6,10230456.64,0.008776999999999998,6.896219999999998e-07,0.0079862,4.2581815999999993e-07,0.000238,4.4320000000000013e-10,0.0005528,8.454696e-08,0.9112425999999999,0.0006865421810399999,0.0272864,9.723312639999994e-06,0.061471399999999995,0.0007011016550399999
HTTP.Instagram,1,7,211,SocialNetwork,6,4,4.0,0.0,566.0,22.0,43.0,121.0,23632.5,668258.75,0.004784,2.9198750000000005e-07,0.003815,7.061899999999998e-08,0.000404,1.3660049999999998e-07,0.000565,8.863800000000003e-08,0.8028385000000001,0.0037394477752499987,0.078563,0.0039313745585,0.11859824999999999,0.003601879608687501
TLS.Pastebin,1,91,232,Download,7,4,4.0,0.0,440.0,29.0,177.25,21111.1875,104757.5,8876872662.75,0.008541,1.8934500000000006e-07,0.0076075000000000005,3.881087499999998e-07,0.00039675,1.1666018750000002e-07,0.00053675,9.09476875e-08,0.8900789999999998,0.0021888243734999977,0.04563275,0.0014356906156874998,0.06428824999999999,0.0015400265366875
TLS.TeamViewer,1,91,148,RemoteAccess,12,4,4.0,0.0,450.25,9.1875,297.0,78425.0,330260.5,104973743752.75,0.01056525,6.2634326875e-06,0.009542249999999999,6.3771351875e-06,0.00060775,5.272926874999999e-07,0.00041525000000000004,1.4196875000000001e-09,0.90178875,0.004161072053187498,0.05741975,0.0043925874696875,0.04079175,4.857039318749999e-05
MsSQL-TDS,1,0,114,Database,11,4,32.0,0.0,4455.0,540020.5,125.0,4117.5,36463.25,458842324.6875,0.0159445,2.3437592499999997e-06,0.0069055,2.289922499999998e-07,0.0028145,1.1424725000000008e-07,0.006224499999999999,7.979247500000001e-07,0.43429474999999995,0.00020658190118749996,0.1769295,0.00031329233725000007,0.3887755,0.0004745164362500003
TLS.DigitalOcean,1,91,442,Web,5,4,4.0,0.0,441.0,0.0,319.75,81110.6875,346311.75,113771131363.1875,0.0086325,5.2922325e-07,0.00742375,8.099686875e-07,0.00041275000000000003,1.221831875e-07,0.000796,1.7862849999999996e-07,0.85784675,0.0021379545846875016,0.05005475,0.0020586601861875002,0.0920985,0.0024382706352499995
MongoDB,1,0,60,Database,11,3,32.0,0.0,3165.3333333333335,413411.55555555556,64.33333333333333,524.2222222222222,6473.333333333333,8143974.222222223,0.025347333333333333,1.1633541555555551e-05,0.011653666666666666,3.1419102222222224e-06,0.004619,7.226959999999999e-07,0.009074666666666667,7.068295555555557e-07,0.458543,9.179234466666677e-05,0.18092799999999998,0.00013674381066666662,0.3605286666666667,0.0004451250782222223
IP_in_IP,1,0,86,Network,14,3,1.6666666666666667,0.888888888888889,143.33333333333334,9614.22222222222,27073.0,1212146666.0,4246811.0,32930677289852.668,0.0018789999999999998,3.0968266666666674e-07,0.0010246666666666666,4.2642222222222194e-09,0.00010366666666666666,2.082888888888889e-09,0.0007506666666666665,2.220082222222222e-07,0.5983363333333332,0.034534226609555546,0.05309966666666666,0.00025587843088888893,0.3485643333333333,0.030848843157555563
TLS.ParamountPlus,1,91,439,Streaming,17,3,4.0,0.0,433.0,2.0,26.0,16.666666666666668,9660.333333333334,14380876.222222222,0.008713666666666666,1.2784822222222206e-07,0.007533666666666667,6.160155555555541e-08,0.00027,3.2066666666666696e-10,0.0009099999999999999,1.4241066666666665e-07,0.8656283333333333,0.0014267897828888886,0.031073666666666663,8.25097622222222e-06,0.103298,0.0016509663500000004
TLS.Amazon,1,91,178,Web,5,3,4.0,0.0,464.6666666666667,88.88888888888887,41.666666666666664,304.88888888888886,17889.666666666668,83839494.8888889,0.008517666666666666,2.30536222222222e-07,0.007207666666666667,2.0102288888888908e-07,0.00042400000000000006,6.154399999999999e-08,0.0008860000000000001,1.4282066666666666e-07,0.8461090000000001,0.0002764546286666663,0.05137133333333333,0.001059820346888889,0.10251966666666668,0.0017780763202222222
HTTP.Yandex,1,7,25,Web,5,3,4.0,0.0,642.3333333333334,3809.555555555555,22.666666666666668,206.8888888888889,11816.666666666666,159243716.22222224,0.004619,1.8050666666666678e-08,0.004007666666666667,2.4836222222222213e-08,0.00022733333333333337,5.828888888888894e-10,0.000384,8.239999999999996e-10,0.8674376666666667,0.00016714508022222283,0.04929066666666667,3.159110155555556e-05,0.08327133333333332,5.454396955555557e-05
QUIC,1,0,188,Web,5,3,1.0,0.0,1392.0,0.0,248.0,120050.66666666667,229854.33333333334,103631048594.88887,0.003754,2.4048666666666662e-06,0.002957,8.87040666666667e-07,0.00021066666666666665,1.072222222222222e-09,0.0005863333333333333,3.930995555555555e-07,0.815064,0.0055997981946666634,0.06584633333333334,0.000803712886888889,0.11908966666666666,0.008426494606888888
TLS.AWS_API_Gateway,1,91,459,Cloud,13,3,4.0,0.0,488.6666666666667,37.55555555555556,41.666666666666664,138.88888888888889,12700.333333333334,10901336.888888888,0.009762333333333333,6.329555555555505e-09,0.008703666666666667,3.7163555555555584e-08,0.0004233333333333333,9.790288888888887e-08,0.0006353333333333333,1.0936822222222225e-07,0.8917773333333333,0.0007378180948888879,0.043262999999999996,0.001011836546,0.06495966666666667,0.0011221963815555556
TLS.Naver,1,91,433,Web,5,3,4.0,0.0,452.6666666666667,150.2222222222222,29.333333333333332,193.55555555555557,9301.333333333334,13847626.88888889,0.008873666666666667,7.2415555555555636e-09,0.007525,2.9682666666666616e-08,0.0004703333333333333,1.6932688888888888e-07,0.0008783333333333334,9.227622222222224e-08,0.8479326666666666,0.00017082539288888862,0.05325633333333333,0.002186750278222222,0.09881066666666667,0.0011431169055555557
HTTP.Dailymotion,1,7,322,Streaming,17,3,4.0,0.0,530.0,0.0,58.0,4.666666666666667,38320.0,17723798.0,0.004158,6.885600000000004e-08,0.0030763333333333337,3.623022222222226e-08,0.000439,1.590646666666667e-07,0.0006426666666666667,1.2871755555555554e-07,0.7444563333333334,0.007088575040888888,0.10079300000000001,0.007631271872666667,0.15475066666666665,0.007327150760222222
TLS.SoundCloud,1,91,234,Music,25,2,4.0,0.0,439.0,0.0,30.0,196.0,8453.5,6207572.25,0.0099155,1.446006249999999e-06,0.008994,7.603839999999992e-07,0.00017050000000000002,2.4999999999999863e-13,0.000751,1.0956100000000001e-07,0.90978,0.000501312100000001,0.017458500000000002,4.69805625e-06,0.072762,0.0006030953640000002
MessagePack,1,0,469,Network,14,2,2.5,2.25,259.5,15500.25,1161322.5,1259955738006.25,151794288.5,1.8617715176222252e+16,0.008159,6.563843999999998e-06,0.005329,1.0609000000000003e-06,0.00253,2.6179239999999998e-06,0.00030000000000000003,7.3960000000000005e-09,0.6806125000000001,0.0076523130062500075,0.274924,0.012539520400000002,0.0444635,0.0006003725062500001
Azure,1,0,276,Cloud,13,2,32.0,0.0,5237.5,3306.25,221.5,2.25,34991.0,134689.0,0.020442000000000002,8.940099999999936e-08,0.008926,2.9928999999999844e-08,0.003035,1.849000000000006e-09,0.008481,2.652249999999998e-07,0.436867,0.00022061160900000015,0.148531,1.8284176000000018e-05,0.414601,0.0003659186410000003
BGP,1,0,13,Network,14,2,32.0,0.0,4979.0,3810304.0,1209.5,445556.25,288510.0,56282343121.0,0.018301,3.648160000000004e-07,0.0077824999999999995,1.9460250000000083e-08,0.0036095,1.3653025000000003e-07,0.006909,6.955560000000002e-07,0.425462,4.12035610000001e-05,0.1981115,0.0007144127122500001,0.3764265,0.0010987567562499997
ESP,1,0,117,VPN,2,2,1.0,0.0,286.0,576.0,1678.5,2632506.25,1536687.0,2325987964161.0,0.001304,1.58404e-07,0.0006625,4.224999999999994e-11,0.00010200000000000001,9.000000000000002e-10,0.0005395,1.8879025000000002e-07,0.56192,0.031149073081000005,0.093999,0.0026724764159999997,0.34408099999999997,0.052069306969
HTTP.Xbox,1,7,47,Game,8,2,4.0,0.0,384.0,0.0,10.5,0.25,1096.0,900.0,0.0048725,8.658302499999999e-07,0.003219,3.097599999999998e-08,0.0001585,1.4062499999999998e-09,0.001495,1.308736e-06,0.692811,0.028367654328999996,0.035286,0.000208369225,0.271903,0.033438511044
HTTP.AccuWeather,1,7,280,Web,5,2,4.0,0.0,629.0,0.0,15.5,0.25,5764.5,3906.25,0.0069015,1.0336225000000011e-07,0.006302,9.060100000000003e-08,0.0001805,1.2250000000000026e-11,0.000419,2.8900000000000024e-10,0.9130845,1.1631622499999617e-06,0.026187000000000002,5.083690000000001e-07,0.060728500000000005,1.335902500000009e-07
TLS.BitTorrent,1,91,37,Download,7,2,4.0,0.0,437.0,4.0,273.0,38809.0,254901.5,40578275040.25,0.009166500000000001,2.1170250000000192e-08,0.007735499999999999,1.8225000000000154e-10,0.00023299999999999997,2.5599999999999984e-10,0.001198,1.3456e-08,0.8440775,0.00014221755024999947,0.0253975,1.8023062499999999e-06,0.130525,0.0001119998890000002
HTTP.Alibaba,1,7,274,Web,5,2,4.0,0.0,551.0,81.0,21.5,132.25,15611.0,206870689.0,0.0062635,1.809025000000002e-08,0.004731,4.840000000000139e-10,0.0003385,1.974025e-08,0.001194,2.5599999999999855e-10,0.7557525,0.0003897268222500009,0.053586,0.0004528809610000001,0.1906615,2.3700602499999974e-06
HTTP.GoogleMaps,1,7,123,Web,5,2,4.0,0.0,569.5,20.25,32.0,0.0,5158.0,744769.0,0.0041010000000000005,3.4928099999999994e-07,0.00315,4.665600000000002e-08,0.00020449999999999998,2.722500000000003e-10,0.0007465,1.5327224999999995e-07,0.776644,0.003510918009,0.051515500000000006,0.00013104525625000005,0.17184,0.004998490000000001
HTTP.Azure,1,7,276,Cloud,13,2,4.0,0.0,637.5,8010.25,77.0,1681.0,61408.5,2801955422.25,0.007602,3.1577289999999996e-06,0.006222999999999999,2.563200999999999e-06,0.00020800000000000001,7.055999999999999e-09,0.0011710000000000002,8.463999999999992e-09,0.8138399999999999,0.00041469249599999973,0.0262105,2.4231006249999998e-05,0.15994950000000002,0.0006394070822500003
BitTorrent,1,0,37,Download,7,1,32.0,0.0,27836.0,0.0,473471.0,0.0,598451452.0,0.0,0.009511,0.0,0.005802,0.0,0.000786,0.0,0.002923,0.0,0.61003,0.0,0.082641,0.0,0.307328,0.0
AmazonAWS,1,0,265,Cloud,13,1,32.0,0.0,1986.0,0.0,42.0,0.0,2604.0,0.0,0.019891,0.0,0.00865,0.0,0.00269,0.0,0.008551,0.0,0.43487,0.0,0.135237,0.0,0.429893,0.0
FINS,1,0,362,IoT-Scada,31,1,32.0,0.0,18779.0,0.0,314.0,0.0,231777.0,0.0,0.011802,0.0,0.006392,0.0,0.001513,0.0,0.003897,0.0,0.541603,0.0,0.128199,0.0,0.330198,0.0
Cloudflare,1,0,220,Web,5,1,32.0,0.0,3665.0,0.0,98.0,0.0,13480.0,0.0,0.012847,0.0,0.006917,0.0,0.002072,0.0,0.003858,0.0,0.538414,0.0,0.161283,0.0,0.300304,0.0
Yandex,1,0,25,Web,5,1,32.0,0.0,7172.0,0.0,120.0,0.0,21688.0,0.0,0.018364,0.0,0.009137,0.0,0.002779,0.0,0.006448,0.0,0.49755,0.0,0.151329,0.0,0.351122,0.0
MS_OneDrive,1,0,221,Collaborative,15,1,32.0,0.0,27702.0,0.0,1229.0,0.0,308655.0,0.0,0.011771,0.0,0.006397,0.0,0.001546,0.0,0.003828,0.0,0.543454,0.0,0.13134,0.0,0.325206,0.0
OSPF,1,0,184,Network,14,1,32.0,0.0,2390.0,0.0,129.0,0.0,9392.0,0.0,0.011141,0.0,0.006123,0.0,0.001515,0.0,0.003503,0.0,0.549592,0.0,0.135984,0.0,0.314424,0.0
Tencent,1,0,285,SocialNetwork,6,1,32.0,0.0,13025.0,0.0,65.0,0.0,21139.0,0.0,0.012127,0.0,0.006838,0.0,0.002065,0.0,0.003224,0.0,0.563866,0.0,0.170281,0.0,0.265853,0.0
TLS.GoogleDocs,1,91,241,Collaborative,15,1,4.0,0.0,449.0,0.0,38.0,0.0,8876.0,0.0,0.009654,0.0,0.008276,0.0,0.00102,0.0,0.000358,0.0,0.857261,0.0,0.105656,0.0,0.037083,0.0
TLS.KakaoTalk,1,91,193,Chat,9,1,4.0,0.0,436.0,0.0,19.0,0.0,6802.0,0.0,0.009299,0.0,0.007921,0.0,0.000267,0.0,0.001111,0.0,0.851812,0.0,0.028713,0.0,0.119475,0.0
HTTP.YouTube,1,7,124,Media,1,1,4.0,0.0,650.0,0.0,35.0,0.0,7487.0,0.0,0.004671,0.0,0.004089,0.0,0.000225,0.0,0.000357,0.0,0.875401,0.0,0.04817,0.0,0.076429,0.0
TLS.Twitch,1,91,195,Video,26,1,4.0,0.0,485.0,0.0,257.0,0.0,276739.0,0.0,0.01236,0.0,0.01105,0.0,0.000859,0.0,0.000451,0.0,0.894013,0.0,0.069498,0.0,0.036489,0.0
HTTP.KakaoTalk,1,7,193,Chat,9,1,4.0,0.0,850.0,0.0,13.0,0.0,2166.0,0.0,0.004276,0.0,0.003701,0.0,0.000194,0.0,0.000381,0.0,0.865529,0.0,0.04537,0.0,0.089102,0.0
TLS.AppleiTunes,1,91,145,Streaming,17,1,4.0,0.0,477.0,0.0,48.0,0.0,14705.0,0.0,0.009087,0.0,0.007822,0.0,0.000195,0.0,0.00107,0.0,0.86079,0.0,0.021459,0.0,0.117751,0.0
HTTP.MS_OneDrive,1,7,221,Cloud,13,1,4.0,0.0,411.0,0.0,10.0,0.0,1846.0,0.0,0.003354,0.0,0.00294,0.0,7.2e-05,0.0,0.000342,0.0,0.876565,0.0,0.021467,0.0,0.101968,0.0
HTTP.VK,1,7,22,SocialNetwork,6,1,4.0,0.0,513.0,0.0,49.0,0.0,29651.0,0.0,0.00529,0.0,0.00469,0.0,0.00024,0.0,0.00036,0.0,0.886578,0.0,0.045369,0.0,0.068053,0.0
Protobuf,1,0,353,Network,14,1,1.0,0.0,1516.0,0.0,78237.0,0.0,16155437.0,0.0,0.010095,0.0,0.008385,0.0,0.001455,0.0,0.000255,0.0,0.830609,0.0,0.144131,0.0,0.02526,0.0
HTTP.Teams,1,7,250,Collaborative,15,1,4.0,0.0,445.0,0.0,782.0,0.0,2773414.0,0.0,0.009755,0.0,0.00845,0.0,0.000196,0.0,0.001109,0.0,0.866222,0.0,0.020092,0.0,0.113685,0.0
