protocol           , protocol_detected, master_proto, app_proto, category_name , category_id, flows , avg_detect_pkt_in_flow, var_detect_pkt_in_flow, avg_detecting_bytes, var_detecting_bytes, avg_packets_in_flow, var_packets_in_flow, avg_bytes_in_flow, var_bytes_in_flow        , avg_detecting_total_ms, var_detecting_total_ms, avg_detecting_detection_only_ms, var_detecting_detection_only_ms, avg_detecting_flow_table_ms, var_detecting_flow_table_ms, avg_detecting_other_ms, var_detecting_other_ms, avg_detecting_detection_ratio, var_detecting_detection_ratio, avg_detecting_flow_table_ratio, var_detecting_flow_table_ratio, avg_detecting_other_ratio, var_detecting_other_ratio
DNS                ,                 1,            0,         5, Network       ,          14, 114715,               1.000052,               0.000314,           80.945325,           81.047911,            6.869180,           79.836951,        824.146101,            1393883.724895,               0.002259,               0.000096,                        0.001503,                        0.000001,                    0.000371,                    0.000091,               0.000386,               0.000004,                      0.665247,                      0.075649,                       0.164013,                       0.011225,                  0.170739,                  0.017660
TLS                ,                 1,            0,        91, Web           ,           5,  59826,               4.017735,               0.222582,          511.721158,        46925.724240,           45.024137,        47564.607715,      28739.324775,        94493659566.036591,               0.008419,               0.000010,                        0.007387,                        0.000007,                    0.000387,                    0.000001,               0.000644,               0.000003,                      0.877471,                      0.005485,                       0.046004,                       0.001893,                  0.076525,                  0.002176
HTTP               ,                 1,            0,         7, Web           ,           5,  12999,               4.033464,               0.114658,          859.652358,       166923.736288,           43.635972,        21095.778861,      32059.946765,        34635800315.712677,               0.007085,               0.000019,                        0.006045,                        0.000014,                    0.000407,                    0.000005,               0.000633,               0.000000,                      0.853191,                      0.000000,                       0.057444,                       0.003781,                  0.089365,                  0.006216
NOT_DETECTED       ,                 0,            0,         0, NOT_DETECTED  ,           0,   9828,               0.000000,               0.000000,         1439.783272,     21593740.845784,            7.362536,           31.344453,       1439.783272,           21593740.845784,               0.004029,               0.000016,                        0.002611,                        0.000011,                    0.000466,                    0.000000,               0.000952,               0.000002,                      0.647971,                      0.000000,                       0.115678,                       0.015558,                  0.236351,                  0.022083
TLS                ,                 1,            0,        91, Advertisement ,         101,   9245,               4.002596,               0.003238,          491.534667,        13050.927868,           29.335100,          734.039357,      11151.541698,          820911426.866109,               0.008176,               0.000015,                        0.007080,                        0.000004,                    0.000445,                    0.000008,               0.000651,               0.000003,                      0.865943,                      0.017023,                       0.054444,                       0.001781,                  0.079613,                  0.002254
HTTP.OCSP          ,                 1,            7,        63, Network       ,          14,   8732,               4.024737,               0.052068,          694.962895,          818.895096,           23.898763,          191.160846,       4579.333372,           11117405.338589,               0.004193,               0.000001,                        0.003188,                        0.000001,                    0.000380,                    0.000000,               0.000626,               0.000000,                      0.760172,                      0.012925,                       0.090632,                       0.005445,                  0.149196,                  0.005933
TLS.Google         ,                 1,           91,       126, Advertisement ,         101,   8503,               4.000000,               0.000000,          492.441138,        14057.978630,           48.801952,        13346.828000,      21793.679054,         7583991092.792560,               0.007562,               0.000005,                        0.006545,                        0.000003,                    0.000382,                    0.000000,               0.000635,               0.000002,                      0.865505,                      0.004754,                       0.050521,                       0.002185,                  0.083974,                  0.002633
TLS.Google         ,                 1,           91,       126, Web           ,           5,   3951,               4.000000,               0.000000,          488.224500,        13176.340134,           86.947608,        88128.466756,      66680.019995,       115441213645.593887,               0.007752,               0.000005,                        0.006735,                        0.000005,                    0.000379,                    0.000000,               0.000639,               0.000000,                      0.868703,                      0.001823,                       0.048916,                       0.002074,                  0.082380,                  0.002966
HTTP               ,                 1,            0,         7, Advertisement ,         101,   2565,               4.001170,               0.002728,         1276.288889,       612699.884185,           23.778558,          646.711197,       9382.782066,          351369335.297144,               0.009374,               0.000044,                        0.008246,                        0.000024,                    0.000418,                    0.000005,               0.000710,               0.000016,                      0.879658,                      0.000000,                       0.044643,                       0.003351,                  0.075699,                  0.004772
TLS.Mozilla        ,                 1,           91,       125, Web           ,           5,   1867,               3.998929,               0.001070,          473.281200,         1211.908607,           27.798607,          236.031214,       8616.169791,          105454220.541605,               0.008863,               0.000026,                        0.007850,                        0.000026,                    0.000391,                    0.000000,               0.000621,               0.000000,                      0.885720,                      0.001044,                       0.044163,                       0.001609,                  0.070117,                  0.001927
TLS.Facebook       ,                 1,           91,       119, SocialNetwork ,           6,   1526,               4.000000,               0.000000,          497.642202,        16030.525978,           52.499345,         4493.733617,      28548.524902,         4596244079.507571,               0.008101,               0.000033,                        0.006947,                        0.000003,                    0.000522,                    0.000029,               0.000632,               0.000000,                      0.857559,                      0.026394,                       0.064415,                       0.000911,                  0.078026,                  0.002802
SSH                ,                 1,            0,        92, RemoteAccess  ,          12,   1054,               7.087287,               1.288396,          491.284630,         8088.349726,           85.782732,           20.056210,      14684.848197,             672083.959878,               0.004367,               0.000002,                        0.003095,                        0.000002,                    0.000384,                    0.000000,               0.000888,               0.000000,                      0.708719,                      0.002012,                       0.087903,                       0.004376,                  0.203377,                  0.007292
TLS.GoogleServices ,                 1,           91,       239, Web           ,           5,   1015,               4.000000,               0.000000,          488.147783,        10770.386042,           57.637438,         6973.931603,      25571.493596,         2109238001.775082,               0.008306,               0.000002,                        0.007266,                        0.000002,                    0.000384,                    0.000000,               0.000657,               0.000000,                      0.874714,                      0.003849,                       0.046224,                       0.001842,                  0.079063,                  0.002161
TLS.Canonical      ,                 1,           91,       169, Cloud         ,          13,    942,               4.152866,               0.269626,          445.646497,         3238.965269,           23.400212,          140.452357,       7424.839703,          140785468.349039,               0.008243,               0.000002,                        0.007211,                        0.000002,                    0.000371,                    0.000000,               0.000662,               0.000000,                      0.874746,                      0.003859,                       0.044983,                       0.001756,                  0.080271,                  0.002340
LDAP               ,                 1,            0,       112, System        ,          18,    929,               5.407966,               7.001487,          616.497309,       232979.724697,           50.185145,         7643.709532,      14738.262648,          682537236.830908,               0.003817,               0.000003,                        0.002685,                        0.000002,                    0.000399,                    0.000000,               0.000734,               0.000000,                      0.703225,                      0.000000,                       0.104436,                       0.015033,                  0.192339,                  0.015551
Kerberos           ,                 1,            0,       111, Network       ,          14,    905,               3.208840,               9.029314,         1042.372376,       776636.211613,            9.398895,           53.441988,       4112.300552,            6179321.359392,               0.003209,               0.000016,                        0.002111,                        0.000003,                    0.000404,                    0.000001,               0.000694,               0.000012,                      0.657791,                      0.048892,                       0.125916,                       0.022249,                  0.216292,                  0.007867
TLS.Twitter        ,                 1,           91,       120, SocialNetwork ,           6,    785,               4.000000,               0.000000,          554.764331,        22355.385225,           48.840764,         8053.474007,      30140.098089,        10931401475.530506,               0.008446,               0.000001,                        0.007432,                        0.000001,                    0.000386,                    0.000000,               0.000629,               0.000000,                      0.879925,                      0.004995,                       0.045646,                       0.001636,                  0.074430,                  0.001970
TLS.AWS_Cloudfront ,                 1,           91,       464, Cloud         ,          13,    749,               4.002670,               0.005333,          526.206943,        18338.706173,           58.935915,        22640.762248,      41242.822430,        38019528462.685425,               0.008301,               0.000001,                        0.007264,                        0.000001,                    0.000394,                    0.000000,               0.000643,               0.000000,                      0.875045,                      0.005807,                       0.047520,                       0.001778,                  0.077435,                  0.002103
HTTP.Google        ,                 1,            7,       126, Advertisement ,         101,    592,               4.000000,               0.000000,          832.726351,        54922.178495,           31.736486,         1297.295425,      10045.932432,          589335235.738678,               0.007676,               0.000025,                        0.006675,                        0.000025,                    0.000387,                    0.000000,               0.000614,               0.000000,                      0.869557,                      0.000000,                       0.050454,                       0.004888,                  0.079989,                  0.007782
NetBIOS            ,                 1,            0,        10, System        ,          18,    496,               2.322581,               6.234651,          199.112903,        40684.342092,           62.911290,        87652.637292,       6724.221774,          776059275.539526,               0.002141,               0.000001,                        0.001337,                        0.000001,                    0.000329,                    0.000000,               0.000475,               0.000000,                      0.624384,                      0.046756,                       0.153807,                       0.019709,                  0.221809,                  0.019145
FTP_CONTROL        ,                 1,            0,         1, Download      ,           7,    441,              28.108844,               2.432598,         2048.551020,        47703.163497,           50.691610,            8.839136,       3760.671202,             114832.964454,               0.019317,               0.000012,                        0.015960,                        0.000012,                    0.000705,                    0.000000,               0.002653,               0.000000,                      0.826184,                      0.000000,                       0.036488,                       0.000507,                  0.137328,                  0.002595
TLS.Yahoo          ,                 1,           91,        70, Web           ,           5,    401,               4.002494,               0.002488,          552.678304,        21953.744392,           32.329177,          740.325558,      10982.708229,          560841116.705394,               0.008601,               0.000001,                        0.007567,                        0.000001,                    0.000384,                    0.000000,               0.000650,               0.000000,                      0.879773,                      0.003636,                       0.044626,                       0.001660,                  0.075601,                  0.001882
QUIC.Google        ,                 1,          188,       126, Web           ,           5,    381,               1.000000,               0.000000,         1392.000000,            0.000000,           82.866142,       188184.063447,      66107.498688,       162866042973.662079,               0.002343,               0.000001,                        0.001656,                        0.000000,                    0.000314,                    0.000000,               0.000373,               0.000000,                      0.706930,                      0.040118,                       0.133987,                       0.014584,                  0.159083,                  0.016887
TLS.Yandex         ,                 1,           91,        25, Web           ,           5,    362,               4.000000,               0.000000,          543.676796,        22692.014323,           56.980663,         9955.206808,      44934.817680,        15092396326.115931,               0.008764,               0.000031,                        0.007452,                        0.000001,                    0.000676,                    0.000031,               0.000636,               0.000000,                      0.850323,                      0.053030,                       0.077159,                       0.000160,                  0.072517,                  0.002193
TLS.Microsoft      ,                 1,           91,       212, Web           ,           5,    354,               4.000000,               0.000000,          455.652542,          287.153284,           35.005650,         9087.231606,      24831.175141,        13257472399.805485,               0.010161,               0.000002,                        0.009208,                        0.000002,                    0.000311,                    0.000000,               0.000641,               0.000000,                      0.906243,                      0.000453,                       0.030638,                       0.000962,                  0.063119,                  0.001518
TLS.AWS_S3         ,                 1,           91,       463, Cloud         ,          13,    353,               4.002833,               0.002825,          455.073654,         3462.612139,           30.373938,          481.202947,      12098.484419,          583844113.898482,               0.008358,               0.000002,                        0.007341,                        0.000002,                    0.000398,                    0.000000,               0.000619,               0.000000,                      0.878320,                      0.003686,                       0.047656,                       0.002190,                  0.074024,                  0.001844
SMTPS.GMail        ,                 1,           29,       122, Email         ,           3,    343,               4.005831,               0.011628,          436.271137,          783.177214,           43.405248,            7.343063,       8127.262391,            1871708.432609,               0.007819,               0.000001,                        0.006818,                        0.000001,                    0.000376,                    0.000000,               0.000625,               0.000000,                      0.871987,                      0.002679,                       0.048129,                       0.001952,                  0.079883,                  0.002429
QUIC.Google        ,                 1,          188,       126, Advertisement ,         101,    334,               1.000000,               0.000000,         1392.000000,            0.000000,           53.862275,         9293.507978,      30341.194611,         4955985937.162725,               0.002451,               0.000001,                        0.001778,                        0.000001,                    0.000308,                    0.000000,               0.000365,               0.000000,                      0.725314,                      0.032039,                       0.125662,                       0.014664,                  0.149023,                  0.017874
TLS.eBay           ,                 1,           91,       179, Shopping      ,          27,    305,               4.000000,               0.000000,          492.501639,        12567.154915,           60.747541,         6475.395281,      40340.531148,        10757704367.363785,               0.008370,               0.000038,                        0.007373,                        0.000038,                    0.000368,                    0.000000,               0.000630,               0.000000,                      0.880851,                      0.000000,                       0.043918,                       0.001459,                  0.075231,                  0.002257
TLS                ,                 1,            0,        91, Media         ,           1,    270,               4.003704,               0.003690,          562.881481,        25345.778546,           78.529630,         2818.826900,      62651.937037,         3158454058.118258,               0.008707,               0.000001,                        0.007701,                        0.000001,                    0.000382,                    0.000000,               0.000624,               0.000000,                      0.884509,                      0.005789,                       0.043827,                       0.001455,                  0.071664,                  0.001816
TLS.YouTube        ,                 1,           91,       124, Media         ,           1,    250,               4.000000,               0.000000,          547.808000,        23935.683136,          241.608000,       338067.598336,     296689.576000,       836612918975.412231,               0.008265,               0.000002,                        0.007234,                        0.000002,                    0.000365,                    0.000000,               0.000665,               0.000000,                      0.875295,                      0.003650,                       0.044220,                       0.001451,                  0.080485,                  0.002873
TLS.FbookReelStory ,                 1,           91,       337, SocialNetwork ,           6,    248,               4.000000,               0.000000,          458.225806,         2715.199011,           59.951613,         8918.594433,      46273.016129,        11715801465.644901,               0.007566,               0.000002,                        0.006584,                        0.000001,                    0.000373,                    0.000000,               0.000609,               0.000000,                      0.870203,                      0.003194,                       0.049278,                       0.001990,                  0.080519,                  0.002365
TLS.Microsoft365   ,                 1,           91,       219, Collaborative ,          15,    244,               4.016393,               0.016125,          486.553279,         9466.222571,           37.188525,         2431.366098,      18815.344262,         2006608224.365090,               0.008509,               0.000001,                        0.007496,                        0.000001,                    0.000403,                    0.000000,               0.000611,               0.000000,                      0.880922,                      0.004744,                       0.047308,                       0.001793,                  0.071771,                  0.001633
TLS.LinkedIn       ,                 1,           91,       233, SocialNetwork ,           6,    228,               4.000000,               0.000000,          461.552632,         1822.229686,           28.618421,          259.165801,       9533.184211,          202944363.729224,               0.009149,               0.000193,                        0.008139,                        0.000191,                    0.000390,                    0.000000,               0.000620,               0.000000,                      0.889595,                      0.000000,                       0.042649,                       0.002263,                  0.067755,                  0.002998
HTTP.GoogleServices,                 1,            7,       239, Web           ,           5,    210,               3.995238,               0.004739,          611.257143,         4877.886259,           44.733333,         1635.776508,      20468.400000,         1938220675.725714,               0.005837,               0.000003,                        0.004767,                        0.000003,                    0.000391,                    0.000000,               0.000679,               0.000000,                      0.816732,                      0.000000,                       0.066983,                       0.004365,                  0.116285,                  0.007332
HTTP               ,                 1,            0,         7, ConnCheck     ,          30,    191,               4.000000,               0.000000,          548.638743,          314.450646,           37.534031,           51.892821,       3515.162304,             625596.774705,               0.006175,               0.000002,                        0.005122,                        0.000002,                    0.000343,                    0.000000,               0.000710,               0.000000,                      0.829437,                      0.004805,                       0.055605,                       0.002344,                  0.114958,                  0.004852
HTTP.Google        ,                 1,            7,       126, Web           ,           5,    183,               4.000000,               0.000000,          863.284153,        43233.252590,          120.748634,      1030787.816596,     111740.448087,      1554390767245.657227,               0.006249,               0.000009,                        0.005234,                        0.000009,                    0.000398,                    0.000000,               0.000617,               0.000000,                      0.837656,                      0.000000,                       0.063648,                       0.005211,                  0.098696,                  0.006789
NetBIOS.SMBv23     ,                 1,           10,        41, System        ,          18,    179,               8.944134,               0.108611,         1095.530726,         8371.668050,           88.731844,        19457.168316,      23267.351955,         1312313265.814675,               0.010786,               0.000006,                        0.009240,                        0.000006,                    0.000519,                    0.000000,               0.001027,               0.000000,                      0.856672,                      0.000000,                       0.048073,                       0.003853,                  0.095255,                  0.002420
TLS.Yahoo          ,                 1,           91,        70, Advertisement ,         101,    179,               4.000000,               0.000000,          573.759777,        24848.640617,           21.748603,           41.707749,       6785.553073,            3884937.934334,               0.008394,               0.000001,                        0.007343,                        0.000001,                    0.000384,                    0.000000,               0.000667,               0.000000,                      0.874821,                      0.004524,                       0.045707,                       0.001579,                  0.079472,                  0.001905
DCERPC             ,                 1,            0,       370, RPC           ,          16,    165,               7.127273,               1.456529,         1101.296970,       534338.475445,           32.339394,          217.399963,       6405.890909,           27794438.751736,               0.006013,               0.000005,                        0.004709,                        0.000004,                    0.000401,                    0.000000,               0.000903,               0.000000,                      0.783117,                      0.000000,                       0.066669,                       0.003787,                  0.150214,                  0.010992
HTTP.Microsoft     ,                 1,            7,       212, Web           ,           5,    159,               4.012579,               0.024999,          453.025157,          546.666034,           12.440252,           24.875361,       4536.811321,           45997561.310312,               0.006904,               0.000004,                        0.005860,                        0.000003,                    0.000370,                    0.000000,               0.000673,               0.000000,                      0.848865,                      0.000000,                       0.053587,                       0.003515,                  0.097548,                  0.004455
NTP                ,                 1,            0,         9, System        ,          18,    148,               1.000000,               0.000000,           90.000000,            0.000000,          114.635135,        11538.353360,      10317.162162,           93460662.216947,               0.001711,               0.000001,                        0.000930,                        0.000000,                    0.000406,                    0.000000,               0.000375,               0.000000,                      0.543250,                      0.098414,                       0.237338,                       0.028809,                  0.219412,                  0.028105
LLMNR              ,                 1,            0,       154, Network       ,          14,    116,               1.000000,               0.000000,          109.775862,          767.208383,           22.094828,           24.637559,       2444.034483,             736958.464328,               0.002797,               0.000002,                        0.001877,                        0.000002,                    0.000565,                    0.000000,               0.000356,               0.000000,                      0.670974,                      0.042790,                       0.201915,                       0.034940,                  0.127111,                  0.021346
SSDP               ,                 1,            0,        12, System        ,          18,    111,               1.000000,               0.000000,          214.963964,           38.737440,           54.369369,          171.854557,      11614.369369,            4561225.854557,               0.004880,               0.000001,                        0.004236,                        0.000001,                    0.000255,                    0.000000,               0.000389,               0.000000,                      0.868036,                      0.011847,                       0.052349,                       0.003308,                  0.079615,                  0.005675
TLS.Cloudflare     ,                 1,           91,       220, Media         ,           1,    105,               4.000000,               0.000000,          447.028571,         2396.637279,           52.933333,         1111.795556,      29205.438095,          872991513.369977,               0.008218,               0.000001,                        0.007153,                        0.000001,                    0.000472,                    0.000000,               0.000594,               0.000000,                      0.870351,                      0.004885,                       0.057410,                       0.002379,                  0.072239,                  0.001965
QUIC.GoogleServices,                 1,          188,       239, Web           ,           5,    103,               1.000000,               0.000000,         1392.000000,            0.000000,           25.718447,          932.474126,      15874.883495,          834163396.724291,               0.002673,               0.000001,                        0.001948,                        0.000000,                    0.000439,                    0.000000,               0.000285,               0.000000,                      0.728969,                      0.050207,                       0.164274,                       0.015405,                  0.106758,                  0.010111
HTTP.Microsoft365  ,                 1,            7,       219, Collaborative ,          15,     91,               4.000000,               0.000000,          560.736264,        49941.908465,           15.142857,           41.792779,       3154.285714,            2955392.599686,               0.006030,               0.000003,                        0.004991,                        0.000003,                    0.000390,                    0.000000,               0.000649,               0.000000,                      0.827699,                      0.002192,                       0.064648,                       0.003504,                  0.107653,                  0.005395
ICMP               ,                 1,            0,        81, Network       ,          14,     84,               1.000000,               0.000000,           94.000000,          735.714286,            7.988095,         1019.202239,        761.738095,            9561762.074263,               0.001903,               0.000000,                        0.001068,                        0.000000,                    0.000448,                    0.000000,               0.000387,               0.000000,                      0.561170,                      0.061140,                       0.235335,                       0.033194,                  0.203494,                  0.025234
TLS.Salesforce     ,                 1,           91,       266, Web           ,           5,     75,               4.000000,               0.000000,          485.653333,          536.199822,           26.546667,          567.501156,       7884.173333,          228048709.823289,               0.009389,               0.000001,                        0.008445,                        0.000001,                    0.000332,                    0.000000,               0.000613,               0.000000,                      0.899377,                      0.003383,                       0.035359,                       0.000954,                  0.065264,                  0.001679
TLS.WindowsUpdate  ,                 1,           91,       147, SoftwareUpdate,          19,     67,               4.000000,               0.000000,          447.626866,           41.875696,           70.194030,         9404.275785,      89182.059701,        27093419078.085991,               0.009861,               0.000001,                        0.008985,                        0.000002,                    0.000304,                    0.000000,               0.000572,               0.000000,                      0.911173,                      0.000662,                       0.030872,                       0.000961,                  0.057955,                  0.001217
HTTP.WindowsUpdate ,                 1,            7,       147, SoftwareUpdate,          19,     66,               4.000000,               0.000000,          531.530303,         9475.733930,        78194.909091, 139767499576.628113,  105673939.984848, 246949121908885632.000000,               0.006390,               0.000006,                        0.005430,                        0.000006,                    0.000333,                    0.000000,               0.000627,               0.000000,                      0.849770,                      0.000000,                       0.052148,                       0.003487,                  0.098082,                  0.005876
TLS.Alibaba        ,                 1,           91,       274, Web           ,           5,     62,               4.000000,               0.000000,          497.693548,        13965.599636,           85.967742,        33175.773153,      68355.500000,        36903563074.637100,               0.007986,               0.000001,                        0.007014,                        0.000000,                    0.000333,                    0.000000,               0.000638,               0.000000,                      0.878308,                      0.005600,                       0.041760,                       0.001135,                  0.079932,                  0.002040
HTTP.AWS_Cloudfront,                 1,            7,       464, Cloud         ,          13,     59,               4.000000,               0.000000,          697.101695,       121821.006607,           48.593220,         5853.834530,      24903.983051,         6658443135.948865,               0.005320,               0.000001,                        0.004337,                        0.000001,                    0.000291,                    0.000000,               0.000693,               0.000000,                      0.815164,                      0.006161,                       0.054622,                       0.002161,                  0.130215,                  0.006379
TLS.VK             ,                 1,           91,        22, SocialNetwork ,           6,     57,               4.000000,               0.000000,          502.771930,        17047.755002,           90.771930,        18805.053247,      73487.596491,        23116252797.082794,               0.008107,               0.000001,                        0.007122,                        0.000001,                    0.000368,                    0.000000,               0.000617,               0.000000,                      0.878512,                      0.004924,                       0.045419,                       0.001108,                  0.076069,                  0.001766
TLS                ,                 1,            0,        91, AdultContent  ,          34,     54,               4.185185,               0.150892,          547.425926,        19900.725995,           49.148148,         1763.311385,      33499.296296,         2557093325.949245,               0.008401,               0.000001,                        0.007395,                        0.000000,                    0.000335,                    0.000000,               0.000671,               0.000000,                      0.880316,                      0.005509,                       0.039862,                       0.000936,                  0.079822,                  0.001976
HTTP.Yahoo         ,                 1,            7,        70, Web           ,           5,     48,               4.000000,               0.000000,          675.520833,        15908.541233,           18.604167,           63.655816,       3753.750000,           16653406.187500,               0.006499,               0.000010,                        0.005508,                        0.000010,                    0.000343,                    0.000000,               0.000648,               0.000000,                      0.847524,                      0.000000,                       0.052826,                       0.002876,                  0.099651,                  0.008311
TLS.IHeartRadio    ,                 1,           91,       325, Music         ,          25,     48,               4.000000,               0.000000,          419.875000,          197.026042,          137.270833,       107292.947483,     148679.187500,       189040097122.235687,               0.006126,               0.000001,                        0.005152,                        0.000001,                    0.000339,                    0.000000,               0.000636,               0.000000,                      0.840993,                      0.005026,                       0.055266,                       0.002810,                  0.103741,                  0.003149
HTTP.SOAP          ,                 1,            7,       253, Collaborative ,          15,     46,               4.000000,               0.000000,          592.000000,            0.000000,           13.478261,            1.771267,       2888.304348,             160246.776938,               0.005198,               0.000002,                        0.004273,                        0.000002,                    0.000438,                    0.000000,               0.000488,               0.000000,                      0.821968,                      0.001664,                       0.084209,                       0.005439,                  0.093823,                  0.005301
TLS.Azure          ,                 1,           91,       276, Cloud         ,          13,     44,               4.000000,               0.000000,          480.613636,         5048.555269,          115.000000,        85297.090909,     109825.431818,       121909642498.654434,               0.010987,               0.000242,                        0.009997,                        0.000240,                    0.000375,                    0.000000,               0.000614,               0.000000,                      0.909939,                      0.000000,                       0.034161,                       0.002453,                  0.055900,                  0.003402
STUN               ,                 1,            0,        78, Network       ,          14,     42,               1.000000,               0.000000,           68.857143,            7.836735,           14.619048,         4332.426304,       1214.095238,           32113813.324263,               0.001739,               0.000001,                        0.001037,                        0.000000,                    0.000308,                    0.000000,               0.000393,               0.000000,                      0.596730,                      0.035131,                       0.177052,                       0.023301,                  0.226218,                  0.036310
HTTP.Yahoo         ,                 1,            7,        70, Advertisement ,         101,     40,               4.000000,               0.000000,          843.750000,       163004.437500,           13.450000,           15.747500,       2356.325000,            2376972.869375,               0.007459,               0.000001,                        0.006455,                        0.000001,                    0.000371,                    0.000000,               0.000634,               0.000000,                      0.865344,                      0.001799,                       0.049712,                       0.001404,                  0.084944,                  0.003340
TLS.Pinterest      ,                 1,           91,       183, SocialNetwork ,           6,     40,               4.000000,               0.000000,          461.725000,         2548.099375,           36.175000,          207.144375,      10185.100000,           59684322.890000,               0.008263,               0.000000,                        0.007164,                        0.000000,                    0.000431,                    0.000000,               0.000668,               0.000000,                      0.867048,                      0.006983,                       0.052139,                       0.001879,                  0.080813,                  0.002054
HTTP.Facebook      ,                 1,            7,       119, SocialNetwork ,           6,     38,               4.000000,               0.000000,          618.394737,         2198.817867,           24.394737,           85.870499,      12908.342105,          106942361.961911,               0.005471,               0.000004,                        0.004384,                        0.000004,                    0.000445,                    0.000000,               0.000642,               0.000000,                      0.801278,                      0.000000,                       0.081403,                       0.004915,                  0.117319,                  0.006351
HTTP.Twitter       ,                 1,            7,       120, SocialNetwork ,           6,     38,               4.000000,               0.000000,          743.947368,        11976.313019,           61.289474,        29273.626731,      57371.894737,        50323266933.304710,               0.005963,               0.000004,                        0.004885,                        0.000003,                    0.000502,                    0.000000,               0.000576,               0.000000,                      0.819151,                      0.007926,                       0.084224,                       0.007183,                  0.096625,                  0.003820
ICMPV6             ,                 1,            0,       102, Network       ,          14,     37,               1.000000,               0.000000,           80.378378,           92.073046,           44.621622,         1700.505478,       3737.351351,           14160646.065741,               0.002130,               0.000001,                        0.001253,                        0.000001,                    0.000471,                    0.000000,               0.000405,               0.000000,                      0.588446,                      0.033858,                       0.221352,                       0.059714,                  0.190202,                  0.043013
TLS.MS_OneDrive    ,                 1,           91,       221, Cloud         ,          13,     33,               4.000000,               0.000000,          445.000000,           31.090909,           22.000000,            8.666667,       7711.696970,             338229.180900,               0.010908,               0.000003,                        0.009731,                        0.000002,                    0.000457,                    0.000000,               0.000720,               0.000001,                      0.892088,                      0.009592,                       0.041891,                       0.001899,                  0.066021,                  0.001692
TLS.GoTo           ,                 1,           91,       293, VoIP          ,          10,     32,               4.000000,               0.000000,          512.906250,        15151.084961,          577.906250,       490080.897461,     649898.468750,       716547713006.811523,               0.009452,               0.000020,                        0.008405,                        0.000021,                    0.000411,                    0.000000,               0.000636,               0.000000,                      0.889258,                      0.000000,                       0.043432,                       0.003085,                  0.067310,                  0.003427
TLS.Cloudflare     ,                 1,           91,       220, Web           ,           5,     31,               4.000000,               0.000000,          450.612903,         3321.914672,           54.774194,         5279.916753,      38211.903226,         6766414132.474506,               0.008776,               0.000003,                        0.007684,                        0.000003,                    0.000425,                    0.000000,               0.000667,               0.000000,                      0.875576,                      0.001168,                       0.048399,                       0.002179,                  0.076026,                  0.002500
TLS.RUTUBE         ,                 1,           91,       443, Media         ,           1,     30,               4.000000,               0.000000,          763.166667,        10302.605556,          201.333333,       102088.288889,     235321.033333,       187919492895.698883,               0.008096,               0.000001,                        0.006906,                        0.000000,                    0.000473,                    0.000001,               0.000717,               0.000000,                      0.852992,                      0.020589,                       0.058447,                       0.005529,                  0.088560,                  0.001884
HTTP.AWS_S3        ,                 1,            7,       463, Cloud         ,          13,     25,               4.000000,               0.000000,          607.200000,         4128.240000,           21.720000,          169.401600,       9039.200000,          251201349.520000,               0.004871,               0.000000,                        0.003862,                        0.000000,                    0.000291,                    0.000000,               0.000717,               0.000000,                      0.792970,                      0.014751,                       0.059763,                       0.002623,                  0.147267,                  0.005123
SMTPS              ,                 1,            0,        29, Email         ,           3,     24,               4.000000,               0.000000,          400.666667,           40.888889,           50.291667,            0.706597,       5513.041667,             531470.456597,               0.006326,               0.000003,                        0.005371,                        0.000003,                    0.000351,                    0.000000,               0.000604,               0.000000,                      0.848972,                      0.000000,                       0.055524,                       0.002573,                  0.095504,                  0.004161
HTTP.Cloudflare    ,                 1,            7,       220, Media         ,           1,     22,               4.000000,               0.000000,          617.363636,          978.049587,           21.363636,            5.776860,       3791.500000,            1293679.431818,               0.005432,               0.000001,                        0.004321,                        0.000001,                    0.000422,                    0.000000,               0.000689,               0.000000,                      0.795453,                      0.006734,                       0.077641,                       0.003322,                  0.126906,                  0.004438
TLS.Cachefly       ,                 1,           91,       289, Cloud         ,          13,     22,               4.000000,               0.000000,          427.000000,          214.909091,           42.090909,          216.719008,      12291.227273,           36264694.266529,               0.006740,               0.000000,                        0.005665,                        0.000000,                    0.000456,                    0.000000,               0.000620,               0.000000,                      0.840431,                      0.008500,                       0.067622,                       0.005900,                  0.091947,                  0.002739
HTTP.Canonical     ,                 1,            7,       169, Cloud         ,          13,     21,               4.000000,               0.000000,          483.857143,         2621.836735,          237.952381,       194700.997732,     280186.761905,       294577944129.800476,               0.004839,               0.000002,                        0.003818,                        0.000001,                    0.000368,                    0.000000,               0.000653,               0.000000,                      0.789002,                      0.019293,                       0.076070,                       0.005461,                  0.134928,                  0.004840
TLS.Tumblr         ,                 1,           91,        90, SocialNetwork ,           6,     20,               4.000000,               0.000000,          686.800000,        17429.460000,           29.750000,           22.887500,       5257.150000,            5413055.127500,               0.008899,               0.000002,                        0.007922,                        0.000002,                    0.000460,                    0.000000,               0.000516,               0.000000,                      0.890242,                      0.002419,                       0.051733,                       0.001690,                  0.058026,                  0.000506
TLS.Tor            ,                 1,           91,       163, VPN           ,           2,     19,               4.000000,               0.000000,          441.105263,          316.515235,           21.368421,           63.180055,       6563.368421,           16502123.916898,               0.008625,               0.000001,                        0.007669,                        0.000001,                    0.000411,                    0.000000,               0.000545,               0.000000,                      0.889153,                      0.004193,                       0.047607,                       0.001206,                  0.063240,                  0.001004
BJNP               ,                 1,            0,       204, System        ,          18,     19,               1.000000,               0.000000,           67.578947,           78.980609,          215.842105,        40529.080332,      14886.947368,          200231944.155125,               0.001672,               0.000001,                        0.000737,                        0.000000,                    0.000563,                    0.000001,               0.000372,               0.000000,                      0.440541,                      0.082203,                       0.336764,                       0.039131,                  0.222694,                  0.052231
IRC                ,                 1,            0,        65, Chat          ,           9,     18,              17.222222,               0.395062,         1316.555556,         1935.802469,           51.777778,           25.728395,       4064.444444,             114171.358025,               0.017018,               0.000005,                        0.014730,                        0.000005,                    0.000675,                    0.000000,               0.001614,               0.000000,                      0.865515,                      0.000000,                       0.039673,                       0.000902,                  0.094812,                  0.001042
TLS.NetFlix        ,                 1,           91,       133, Video         ,          26,     18,               4.000000,               0.000000,          438.555556,            5.802469,           36.500000,          548.138889,      19324.611111,          738154453.348765,               0.007919,               0.000000,                        0.006899,                        0.000000,                    0.000348,                    0.000000,               0.000672,               0.000000,                      0.871163,                      0.005623,                       0.043951,                       0.001416,                  0.084886,                  0.001657
HTTP.AmazonAWS     ,                 1,            7,       265, Cloud         ,          13,     18,               4.000000,               0.000000,          585.611111,         7678.793210,           27.888889,           40.876543,       2358.888889,             172429.987654,               0.006016,               0.000006,                        0.005144,                        0.000006,                    0.000399,                    0.000000,               0.000472,               0.000000,                      0.855087,                      0.000000,                       0.066371,                       0.003552,                  0.078542,                  0.003532
QUIC.YouTube       ,                 1,          188,       124, Media         ,           1,     17,               1.000000,               0.000000,         1392.000000,            0.000000,           40.000000,         1008.352941,      22501.235294,          850117900.768166,               0.001907,               0.000000,                        0.001285,                        0.000000,                    0.000380,                    0.000000,               0.000243,               0.000000,                      0.673483,                      0.050394,                       0.199235,                       0.017605,                  0.127282,                  0.011462
HTTP               ,                 1,            0,         7, Media         ,           1,     16,               4.000000,               0.000000,          600.750000,         2208.562500,           56.000000,         1115.750000,      41384.687500,         1633277712.339844,               0.005617,               0.000002,                        0.004559,                        0.000001,                    0.000368,                    0.000000,               0.000690,               0.000000,                      0.811704,                      0.003200,                       0.065495,                       0.002840,                  0.122801,                  0.004943
MDNS               ,                 1,            0,         8, Network       ,          14,     15,               1.000000,               0.000000,          193.800000,         7393.493333,          776.266667,       241458.995556,     104851.800000,         3557114037.360001,               0.003071,               0.000002,                        0.002379,                        0.000002,                    0.000391,                    0.000000,               0.000301,               0.000000,                      0.774626,                      0.030392,                       0.127219,                       0.016762,                  0.098155,                  0.011776
TLS.Github         ,                 1,           91,       203, Collaborative ,          15,     15,               4.000000,               0.000000,          441.600000,           30.506667,           49.733333,         2208.995556,      37885.933333,         2462494444.328889,               0.007787,               0.000001,                        0.006934,                        0.000000,                    0.000310,                    0.000000,               0.000544,               0.000000,                      0.890360,                      0.007202,                       0.039783,                       0.001200,                  0.069857,                  0.001505
TLS.Instagram      ,                 1,           91,       211, SocialNetwork ,           6,     15,               4.000000,               0.000000,          448.600000,           31.440000,           93.066667,        14204.462222,      84558.400000,        22613609867.706665,               0.008301,               0.000000,                        0.007254,                        0.000000,                    0.000370,                    0.000000,               0.000678,               0.000000,                      0.873840,                      0.006049,                       0.044524,                       0.001362,                  0.081636,                  0.003208
HTTP.DisneyPlus    ,                 1,            7,        71, Streaming     ,          17,     14,               4.000000,               0.000000,         1150.000000,       327532.142857,           76.428571,        11565.530612,      79271.571429,        20291586956.959183,               0.014969,               0.000115,                        0.013954,                        0.000117,                    0.000315,                    0.000000,               0.000700,               0.000000,                      0.932186,                      0.000000,                       0.021019,                       0.003740,                  0.046795,                  0.012079
TLS.GoogleMaps     ,                 1,           91,       123, Web           ,           5,     14,               4.000000,               0.000000,          448.357143,          243.086735,          154.857143,        82586.836735,     118402.357143,        70006277953.943878,               0.008311,               0.000002,                        0.007395,                        0.000002,                    0.000368,                    0.000000,               0.000548,               0.000000,                      0.889778,                      0.000000,                       0.044312,                       0.001941,                  0.065910,                  0.001268
TLS.DirecTV        ,                 1,           91,       318, Streaming     ,          17,     13,               4.000000,               0.000000,          663.461538,        28811.940828,          146.769231,        18940.331361,     152916.538462,        29664875375.633133,               0.007802,               0.000000,                        0.006833,                        0.000000,                    0.000325,                    0.000000,               0.000644,               0.000000,                      0.875786,                      0.008570,                       0.041608,                       0.001378,                  0.082605,                  0.003772
IGMP               ,                 1,            0,        82, Network       ,          14,     12,               1.000000,               0.000000,           60.000000,            0.000000,            4.416667,           14.076389,        265.333333,              50778.888889,               0.002026,               0.000007,                        0.001343,                        0.000004,                    0.000317,                    0.000000,               0.000366,               0.000000,                      0.662979,                      0.000000,                       0.156254,                       0.000000,                  0.180767,                  0.079128
HTTP.Huawei        ,                 1,            7,       398, Web           ,           5,     12,               4.000000,               0.000000,          572.416667,          482.243056,           93.000000,         4632.000000,      75271.583333,         6752217760.576390,               0.004835,               0.000002,                        0.003794,                        0.000001,                    0.000487,                    0.000000,               0.000554,               0.000000,                      0.784685,                      0.005516,                       0.100807,                       0.001261,                  0.114508,                  0.006203
TLS.Huawei         ,                 1,           91,       398, Web           ,           5,     12,               4.000000,               0.000000,          725.666667,        15049.555556,           85.916667,         3167.576389,      59336.166667,         4376417394.472223,               0.008156,               0.000001,                        0.007213,                        0.000001,                    0.000316,                    0.000000,               0.000626,               0.000000,                      0.884420,                      0.003933,                       0.038806,                       0.000750,                  0.076774,                  0.001328
TLS.Taobao         ,                 1,           91,       436, Shopping      ,          27,     12,               4.166667,               0.138889,          521.250000,        22038.687500,           29.583333,          112.743056,       9236.500000,           44944373.083333,               0.008251,               0.000000,                        0.007211,                        0.000000,                    0.000325,                    0.000000,               0.000716,               0.000000,                      0.873879,                      0.004377,                       0.039388,                       0.001392,                  0.086733,                  0.001686
HTTP.Espn          ,                 1,            7,       466, Streaming     ,          17,     12,               4.000000,               0.000000,          566.333333,            0.388889,          253.083333,         2359.743056,     274219.666667,         4353582653.555542,               0.006104,               0.000002,                        0.005161,                        0.000002,                    0.000430,                    0.000000,               0.000513,               0.000000,                      0.845550,                      0.000000,                       0.070392,                       0.003679,                  0.084058,                  0.003539
NetBIOS.SMBv1      ,                 1,           10,        16, System        ,          18,     11,               3.181818,              21.421488,          551.000000,       378759.636364,          466.727273,       136524.561983,     123260.727273,         9973619915.834709,               0.005073,               0.000023,                        0.003284,                        0.000020,                    0.001056,                    0.000001,               0.000733,               0.000000,                      0.647271,                      0.000000,                       0.208254,                       0.106451,                  0.144475,                  0.033794
TLS.Apple          ,                 1,           91,       140, Web           ,           5,     11,               4.000000,               0.000000,          413.454545,          209.884298,         1628.727273,      6212668.380165,    1697505.545455,      6331770536893.703125,               0.006230,               0.000001,                        0.005399,                        0.000001,                    0.000301,                    0.000000,               0.000529,               0.000000,                      0.866697,                      0.000000,                       0.048374,                       0.001375,                  0.084929,                  0.002885
HTTP.SOAP          ,                 1,            7,       253, Web           ,           5,     11,               4.000000,               0.000000,          594.000000,          250.000000,           28.090909,          122.628099,      19075.636364,           75363556.958678,               0.005972,               0.000001,                        0.004886,                        0.000000,                    0.000311,                    0.000000,               0.000775,               0.000000,                      0.818216,                      0.014368,                       0.052003,                       0.001834,                  0.129780,                  0.006388
TLS.AmazonAWS      ,                 1,           91,       265, Cloud         ,          13,     11,               4.000000,               0.000000,          497.545455,          814.975207,           25.727273,           30.743802,       8776.090909,            4958639.173554,               0.009375,               0.000002,                        0.008302,                        0.000003,                    0.000342,                    0.000000,               0.000731,               0.000000,                      0.885577,                      0.000000,                       0.036480,                       0.001692,                  0.077943,                  0.002304
TLS.Deezer         ,                 1,           91,       210, Music         ,          25,     10,               4.000000,               0.000000,          449.600000,          278.440000,           30.200000,          131.760000,      18385.300000,          124242553.410000,               0.008994,               0.000000,                        0.008072,                        0.000000,                    0.000276,                    0.000000,               0.000645,               0.000000,                      0.897512,                      0.002853,                       0.030742,                       0.000422,                  0.071746,                  0.001231
HTTP.QQ            ,                 1,            7,        48, Chat          ,           9,      9,               4.000000,               0.000000,          687.000000,        36282.000000,           61.888889,         2452.320988,      45272.888889,         2539366563.876543,               0.005545,               0.000006,                        0.004460,                        0.000006,                    0.000439,                    0.000000,               0.000646,               0.000000,                      0.804344,                      0.000000,                       0.079244,                       0.004202,                  0.116412,                  0.008454
HTTP.Mozilla       ,                 1,            7,       125, Web           ,           5,      8,               4.000000,               0.000000,          723.125000,        18014.859375,         4417.375000,     19909242.234375,    5508083.125000,     30421156339598.359375,               0.008229,               0.000009,                        0.007359,                        0.000008,                    0.000263,                    0.000000,               0.000607,               0.000000,                      0.894364,                      0.000000,                       0.031916,                       0.000369,                  0.073720,                  0.002565
TLS.DisneyPlus     ,                 1,           91,        71, Streaming     ,          17,      7,               4.000000,               0.000000,          581.857143,        24630.122449,          170.000000,        21863.142857,     166830.857143,        29041811873.836735,               0.010039,               0.000005,                        0.008685,                        0.000004,                    0.000743,                    0.000001,               0.000610,               0.000000,                      0.865193,                      0.003986,                       0.073999,                       0.004079,                  0.060807,                  0.002122
TLS.Xiaomi         ,                 1,           91,       287, Web           ,           5,      7,               4.000000,               0.000000,          435.857143,            2.122449,           18.142857,            1.265306,       6819.000000,              13516.857143,               0.008607,               0.000001,                        0.007699,                        0.000001,                    0.000200,                    0.000000,               0.000707,               0.000000,                      0.894534,                      0.002283,                       0.023287,                       0.000113,                  0.082178,                  0.001780
HTTP.Naver         ,                 1,            7,       433, Web           ,           5,      7,               4.000000,               0.000000,          832.857143,        16172.408163,           14.000000,           96.000000,       2752.000000,            7085790.857143,               0.015581,               0.000024,                        0.014773,                        0.000023,                    0.000412,                    0.000000,               0.000396,               0.000000,                      0.948116,                      0.000000,                       0.026451,                       0.000393,                  0.025433,                  0.001217
HTTP.AppleiTunes   ,                 1,            7,       145, Streaming     ,          17,      6,               4.000000,               0.000000,          575.666667,          359.222222,           36.666667,            4.888889,       9080.666667,              51879.222222,               0.004817,               0.000000,                        0.004068,                        0.000000,                    0.000232,                    0.000000,               0.000517,               0.000000,                      0.844498,                      0.000093,                       0.048235,                       0.000246,                  0.107266,                  0.003459
HTTP.Apple         ,                 1,            7,       140, Web           ,           5,      5,               4.000000,               0.000000,          787.200000,          153.760000,           10.000000,            0.000000,       1483.400000,                231.040000,               0.009644,               0.000038,                        0.008427,                        0.000036,                    0.000213,                    0.000000,               0.001005,               0.000001,                      0.873771,                      0.000000,                       0.022044,                       0.000612,                  0.104185,                  0.016634
TLS.PlayStore      ,                 1,           91,       228, SoftwareUpdate,          19,      5,               4.000000,               0.000000,          440.400000,            3.840000,           37.000000,          252.800000,      10014.600000,           10230456.640000,               0.008777,               0.000001,                        0.007986,                        0.000000,                    0.000238,                    0.000000,               0.000553,               0.000000,                      0.909901,                      0.003130,                       0.027116,                       0.000019,                  0.062983,                  0.000513
DHCPV6             ,                 1,            0,       103, Network       ,          14,      4,               1.000000,               0.000000,          163.000000,           12.000000,         4850.000000,      6774621.500000,     799522.000000,       185518376929.500000,               0.003890,               0.000001,                        0.003175,                        0.000001,                    0.000532,                    0.000000,               0.000182,               0.000000,                      0.816300,                      0.000000,                       0.136843,                       0.023873,                  0.046857,                  0.000028
TLS.TeamViewer     ,                 1,           91,       148, RemoteAccess  ,          12,      4,               4.000000,               0.000000,          450.250000,            9.187500,          297.000000,        78425.000000,     330260.500000,       104973743752.750000,               0.010565,               0.000006,                        0.009542,                        0.000006,                    0.000608,                    0.000001,               0.000415,               0.000000,                      0.903173,                      0.001662,                       0.057523,                       0.004381,                  0.039303,                  0.000168
HTTP.Instagram     ,                 1,            7,       211, SocialNetwork ,           6,      4,               4.000000,               0.000000,          566.000000,           22.000000,           43.000000,          121.000000,      23632.500000,             668258.750000,               0.004784,               0.000000,                        0.003815,                        0.000000,                    0.000404,                    0.000000,               0.000565,               0.000000,                      0.797450,                      0.012363,                       0.084448,                       0.002972,                  0.118102,                  0.003719
TLS.Pastebin       ,                 1,           91,       232, Download      ,           7,      4,               4.000000,               0.000000,          440.000000,           29.000000,          177.250000,        21111.187500,     104757.500000,         8876872662.750000,               0.008541,               0.000000,                        0.007607,                        0.000000,                    0.000397,                    0.000000,               0.000537,               0.000000,                      0.890704,                      0.001077,                       0.046452,                       0.001360,                  0.062844,                  0.001724
TLS.DigitalOcean   ,                 1,           91,       442, Web           ,           5,      4,               4.000000,               0.000000,          441.000000,            0.000000,          319.750000,        81110.687500,     346311.750000,       113771131363.187500,               0.008632,               0.000001,                        0.007424,                        0.000001,                    0.000413,                    0.000000,               0.000796,               0.000000,                      0.859977,                      0.000000,                       0.047813,                       0.002278,                  0.092210,                  0.002418
HTTP.Yandex        ,                 1,            7,        25, Web           ,           5,      3,               4.000000,               0.000000,          642.333333,         3809.555556,           22.666667,          206.888889,      11816.666667,          159243716.222222,               0.004619,               0.000000,                        0.004008,                        0.000000,                    0.000227,                    0.000000,               0.000384,               0.000000,                      0.867648,                      0.000000,                       0.049217,                       0.000039,                  0.083135,                  0.000077
TLS.Amazon         ,                 1,           91,       178, Web           ,           5,      3,               4.000000,               0.000000,          464.666667,           88.888889,           41.666667,          304.888889,      17889.666667,           83839494.888889,               0.008518,               0.000000,                        0.007208,                        0.000000,                    0.000424,                    0.000000,               0.000886,               0.000000,                      0.846202,                      0.000119,                       0.049779,                       0.001221,                  0.104019,                  0.001468
QUIC               ,                 1,            0,       188, Web           ,           5,      3,               1.000000,               0.000000,         1392.000000,            0.000000,          248.000000,       120050.666667,     229854.333333,       103631048594.888885,               0.003754,               0.000002,                        0.002957,                        0.000001,                    0.000211,                    0.000000,               0.000586,               0.000000,                      0.787693,                      0.049469,                       0.056118,                       0.001990,                  0.156189,                  0.000000
HTTP.MpegDash      ,                 1,            7,       291, Advertisement ,         101,      3,               4.000000,               0.000000,          999.000000,         8474.000000,          962.666667,      1773552.888889,    1071913.000000,      2284714457084.666504,               0.005137,               0.000000,                        0.004618,                        0.000000,                    0.000128,                    0.000000,               0.000391,               0.000000,                      0.898962,                      0.000000,                       0.024984,                       0.000015,                  0.076055,                  0.000063
HTTP.Dailymotion   ,                 1,            7,       322, Streaming     ,          17,      3,               4.000000,               0.000000,          530.000000,            0.000000,           58.000000,            4.666667,      38320.000000,           17723798.000000,               0.004158,               0.000000,                        0.003076,                        0.000000,                    0.000439,                    0.000000,               0.000643,               0.000000,                      0.739859,                      0.013913,                       0.105580,                       0.006643,                  0.154561,                  0.007386
TLS.Naver          ,                 1,           91,       433, Web           ,           5,      3,               4.000000,               0.000000,          452.666667,          150.222222,           29.333333,          193.555556,       9301.333333,           13847626.888889,               0.008874,               0.000000,                        0.007525,                        0.000000,                    0.000470,                    0.000000,               0.000878,               0.000000,                      0.848015,                      0.000032,                       0.053003,                       0.002214,                  0.098982,                  0.001109
TLS.ParamountPlus  ,                 1,           91,       439, Streaming     ,          17,      3,               4.000000,               0.000000,          433.000000,            2.000000,           26.000000,           16.666667,       9660.333333,           14380876.222222,               0.008714,               0.000000,                        0.007534,                        0.000000,                    0.000270,                    0.000000,               0.000910,               0.000000,                      0.864581,                      0.003240,                       0.030986,                       0.000014,                  0.104434,                  0.001415
TLS.AWS_API_Gateway,                 1,           91,       459, Cloud         ,          13,      3,               4.000000,               0.000000,          488.666667,           37.555556,           41.666667,          138.888889,      12700.333333,           10901336.888889,               0.009762,               0.000000,                        0.008704,                        0.000000,                    0.000423,                    0.000000,               0.000635,               0.000000,                      0.891556,                      0.001132,                       0.043364,                       0.001003,                  0.065080,                  0.001107
TLS.BitTorrent     ,                 1,           91,        37, Download      ,           7,      2,               4.000000,               0.000000,          437.000000,            4.000000,          273.000000,        38809.000000,     254901.500000,        40578275040.250000,               0.009166,               0.000000,                        0.007736,                        0.000000,                    0.000233,                    0.000000,               0.001198,               0.000000,                      0.843888,                      0.000462,                       0.025419,                       0.000001,                  0.130693,                  0.000068
HTTP.Xbox          ,                 1,            7,        47, Game          ,           8,      2,               4.000000,               0.000000,          384.000000,            0.000000,           10.500000,            0.250000,       1096.000000,                900.000000,               0.004873,               0.000001,                        0.003219,                        0.000000,                    0.000159,                    0.000000,               0.001495,               0.000001,                      0.660646,                      0.071901,                       0.032530,                       0.000395,                  0.306824,                  0.013229
HTTP.GoogleMaps    ,                 1,            7,       123, Web           ,           5,      2,               4.000000,               0.000000,          569.500000,           20.250000,           32.000000,            0.000000,       5158.000000,             744769.000000,               0.004101,               0.000000,                        0.003150,                        0.000000,                    0.000205,                    0.000000,               0.000746,               0.000000,                      0.768105,                      0.016702,                       0.049866,                       0.000298,                  0.182029,                  0.001393
HTTP.Cloudflare    ,                 1,            7,       220, Web           ,           5,      2,               4.000000,               0.000000,          599.000000,         1521.000000,           44.000000,            4.000000,      25685.500000,               5550.250000,               0.005667,               0.000002,                        0.005075,                        0.000002,                    0.000190,                    0.000000,               0.000402,               0.000000,                      0.895457,                      0.000000,                       0.033613,                       0.000568,                  0.070931,                  0.000351
TLS.SoundCloud     ,                 1,           91,       234, Music         ,          25,      2,               4.000000,               0.000000,          439.000000,            0.000000,           30.000000,          196.000000,       8453.500000,            6207572.250000,               0.009916,               0.000001,                        0.008994,                        0.000001,                    0.000170,                    0.000000,               0.000751,               0.000000,                      0.907065,                      0.005435,                       0.017195,                       0.000014,                  0.075740,                  0.000161
HTTP.SOAP          ,                 1,            7,       253, SoftwareUpdate,          19,      2,               4.000000,               0.000000,          647.000000,            0.000000,           14.000000,            1.000000,       6967.500000,             916806.250000,               0.006637,               0.000001,                        0.006092,                        0.000001,                    0.000176,                    0.000000,               0.000369,               0.000000,                      0.917960,                      0.000000,                       0.026518,                       0.000070,                  0.055522,                  0.000175
HTTP.Alibaba       ,                 1,            7,       274, Web           ,           5,      2,               4.000000,               0.000000,          551.000000,           81.000000,           21.500000,          132.250000,      15611.000000,          206870689.000000,               0.006263,               0.000000,                        0.004731,                        0.000000,                    0.000338,                    0.000000,               0.001194,               0.000000,                      0.755328,                      0.001030,                       0.054043,                       0.000404,                  0.190628,                  0.000015
HTTP.Azure         ,                 1,            7,       276, Cloud         ,          13,      2,               4.000000,               0.000000,          637.500000,         8010.250000,           77.000000,         1681.000000,      61408.500000,         2801955422.250000,               0.007602,               0.000003,                        0.006223,                        0.000003,                    0.000208,                    0.000000,               0.001171,               0.000000,                      0.818600,                      0.000000,                       0.027361,                       0.000000,                  0.154038,                  0.002495
HTTP.AccuWeather   ,                 1,            7,       280, Web           ,           5,      2,               4.000000,               0.000000,          629.000000,            0.000000,           15.500000,            0.250000,       5764.500000,               3906.250000,               0.006901,               0.000000,                        0.006302,                        0.000000,                    0.000180,                    0.000000,               0.000419,               0.000000,                      0.913135,                      0.000000,                       0.026154,                       0.000002,                  0.060711,                  0.000002
HTTP.MpegDash      ,                 1,            7,       291, Media         ,           1,      2,               4.000000,               0.000000,          660.000000,            9.000000,          970.500000,       784110.250000,    1136598.500000,      1059749801922.250000,               0.006162,               0.000000,                        0.004947,                        0.000000,                    0.000514,                    0.000000,               0.000700,               0.000000,                      0.802840,                      0.000000,                       0.083489,                       0.002500,                  0.113671,                  0.004773
AWS_EC2            ,                 1,            0,       461, Cloud         ,          13,      2,              21.000000,               1.000000,         7767.000000,         4356.000000,         1644.500000,      2574420.250000,     543154.000000,       284413156416.000000,               0.023235,               0.000016,                        0.020332,                        0.000012,                    0.000661,                    0.000000,               0.002242,               0.000000,                      0.875081,                      0.001360,                       0.028448,                       0.000000,                  0.096471,                  0.000000
HTTP.VK            ,                 1,            7,        22, SocialNetwork ,           6,      1,               4.000000,               0.000000,          513.000000,            0.000000,           49.000000,            0.000000,      29651.000000,                  0.000000,               0.005290,               0.000000,                        0.004690,                        0.000000,                    0.000240,                    0.000000,               0.000360,               0.000000,                      0.886578,                      0.000000,                       0.045369,                       0.000000,                  0.068053,                  0.000000
HTTP.YouTube       ,                 1,            7,       124, Media         ,           1,      1,               4.000000,               0.000000,          650.000000,            0.000000,           35.000000,            0.000000,       7487.000000,                  0.000000,               0.004671,               0.000000,                        0.004089,                        0.000000,                    0.000225,                    0.000000,               0.000357,               0.000000,                      0.875401,                      0.000000,                       0.048170,                       0.000000,                  0.076429,                  0.000000
TLS.AppleiTunes    ,                 1,           91,       145, Streaming     ,          17,      1,               4.000000,               0.000000,          477.000000,            0.000000,           48.000000,            0.000000,      14705.000000,                  0.000000,               0.009087,               0.000000,                        0.007822,                        0.000000,                    0.000195,                    0.000000,               0.001070,               0.000000,                      0.860790,                      0.000000,                       0.021459,                       0.000000,                  0.117751,                  0.000000
TLS.KakaoTalk      ,                 1,           91,       193, Chat          ,           9,      1,               4.000000,               0.000000,          436.000000,            0.000000,           19.000000,            0.000000,       6802.000000,                  0.000000,               0.009299,               0.000000,                        0.007921,                        0.000000,                    0.000267,                    0.000000,               0.001111,               0.000000,                      0.851812,                      0.000000,                       0.028713,                       0.000000,                  0.119475,                  0.000000
HTTP.KakaoTalk     ,                 1,            7,       193, Chat          ,           9,      1,               4.000000,               0.000000,          850.000000,            0.000000,           13.000000,            0.000000,       2166.000000,                  0.000000,               0.004276,               0.000000,                        0.003701,                        0.000000,                    0.000194,                    0.000000,               0.000381,               0.000000,                      0.865529,                      0.000000,                       0.045370,                       0.000000,                  0.089102,                  0.000000
TLS.Twitch         ,                 1,           91,       195, Video         ,          26,      1,               4.000000,               0.000000,          485.000000,            0.000000,          257.000000,            0.000000,     276739.000000,                  0.000000,               0.012360,               0.000000,                        0.011050,                        0.000000,                    0.000859,                    0.000000,               0.000451,               0.000000,                      0.894013,                      0.000000,                       0.069498,                       0.000000,                  0.036489,                  0.000000
HTTP.MS_OneDrive   ,                 1,            7,       221, Cloud         ,          13,      1,               4.000000,               0.000000,          411.000000,            0.000000,           10.000000,            0.000000,       1846.000000,                  0.000000,               0.003354,               0.000000,                        0.002940,                        0.000000,                    0.000072,                    0.000000,               0.000342,               0.000000,                      0.876565,                      0.000000,                       0.021467,                       0.000000,                  0.101968,                  0.000000
TLS.GoogleDocs     ,                 1,           91,       241, Collaborative ,          15,      1,               4.000000,               0.000000,          449.000000,            0.000000,           38.000000,            0.000000,       8876.000000,                  0.000000,               0.009654,               0.000000,                        0.008276,                        0.000000,                    0.001020,                    0.000000,               0.000358,               0.000000,                      0.857261,                      0.000000,                       0.105656,                       0.000000,                  0.037083,                  0.000000
HTTP.WebSocket     ,                 1,            7,       251, Web           ,           5,      1,               4.000000,               0.000000,          875.000000,            0.000000,          523.000000,            0.000000,      56983.000000,                  0.000000,               0.007529,               0.000000,                        0.006135,                        0.000000,                    0.000193,                    0.000000,               0.001201,               0.000000,                      0.814849,                      0.000000,                       0.025634,                       0.000000,                  0.159517,                  0.000000
TLS.Salesforce     ,                 1,           91,       266, Cloud         ,          13,      1,               4.000000,               0.000000,          476.000000,            0.000000,           73.000000,            0.000000,      24283.000000,                  0.000000,               0.007972,               0.000000,                        0.006689,                        0.000000,                    0.000180,                    0.000000,               0.001103,               0.000000,                      0.839062,                      0.000000,                       0.022579,                       0.000000,                  0.138359,                  0.000000
