protocol,flow_count,detecting_detection_only_mean_ms,W_mean_us,log_W,cluster_id,cluster_center_log_W,bucket
BJNP,19,0.0007058947368421053,0.7058947368421054,-0.34828915056245824,0,0.36144572100384353,Easy
NTP,148,0.0007903108108108109,0.7903108108108109,-0.23532897948882225,0,0.36144572100384353,Easy
ICMP,84,0.000993345238095238,0.993345238095238,-0.006677003562976494,0,0.36144572100384353,Easy
STUN,42,0.001023904761904762,1.0239047619047619,0.02362351633961328,0,0.36144572100384353,Easy
ICMPV6,37,0.0011587297297297298,1.1587297297297299,0.1473243445235431,0,0.36144572100384353,Easy
QUIC.YouTube,17,0.0011851176470588237,1.1851176470588236,0.16984204987755633,0,0.36144572100384353,Easy
NetBIOS,496,0.0012447479838709678,1.2447479838709679,0.21893308683285245,0,0.36144572100384353,Easy
DNS,114715,0.0014024864664603583,1.4024864664603582,0.33824670878552454,0,0.36144572100384353,Easy
IGMP,12,0.00154025,1.54025,0.431944740912543,0,0.36144572100384353,Easy
QUIC.Google,715,0.0015637468531468533,1.5637468531468532,0.447084770420846,0,0.36144572100384353,Easy
LLMNR,116,0.001706008620689655,1.706008620689655,0.5341565022159552,0,0.36144572100384353,Easy
QUIC.GoogleServices,103,0.0017770291262135922,1.7770291262135922,0.5749429397042508,0,0.36144572100384353,Easy
Kerberos,905,0.001971190055248619,1.9711900552486188,0.6786374493203007,0,0.36144572100384353,Easy
MDNS,15,0.0024037999999999998,2.4038,0.8770508185365514,0,0.36144572100384353,Easy
LDAP,929,0.002480153928955867,2.480153928955867,0.90832062637811,0,0.36144572100384353,Easy
SSH,1054,0.0027824146110056926,2.7824146110056924,1.0233191158281065,0,0.36144572100384353,Easy
HTTP.OCSP,8732,0.002950279661016949,2.9502796610169493,1.0818999662031883,1,1.7433702566400517,Middle
NetBIOS.SMBv1,11,0.003197,3.197,1.1622128700777044,1,1.7433702566400517,Middle
HTTP.Huawei,12,0.0032044166666666666,3.2044166666666665,1.164530066527007,1,1.7433702566400517,Middle
HTTP.Canonical,21,0.003360952380952381,3.360952380952381,1.212224380523701,1,1.7433702566400517,Middle
HTTP.AWS_S3,25,0.0036948799999999998,3.69488,1.3069480775534474,1,1.7433702566400517,Middle
SSDP,111,0.0037403513513513515,3.7403513513513515,1.3191795512255509,1,1.7433702566400517,Middle
HTTP.AppleiTunes,6,0.0037616666666666666,3.7616666666666667,1.3248621216013894,1,1.7433702566400517,Middle
HTTP.Cloudflare,24,0.004022666666666667,4.022666666666667,1.391945032628705,1,1.7433702566400517,Middle
HTTP.AWS_Cloudfront,59,0.004035966101694915,4.035966101694915,1.3952457034706882,1,1.7433702566400517,Middle
HTTP.QQ,9,0.004110111111111111,4.110111111111111,1.413450062476326,1,1.7433702566400517,Middle
HTTP.SOAP,59,0.004157118644067796,4.157118644067796,1.4248222006541258,1,1.7433702566400517,Middle
HTTP.Facebook,38,0.0042085000000000004,4.208500000000001,1.437106289669494,1,1.7433702566400517,Middle
DCERPC,165,0.004226787878787879,4.22678787878788,1.441442337876425,1,1.7433702566400517,Middle
HTTP.GoogleServices,210,0.004457528571428572,4.457528571428572,1.4945944804774254,1,1.7433702566400517,Middle
HTTP.MpegDash,5,0.0045065999999999995,4.5066,1.505542988937884,1,1.7433702566400517,Middle
HTTP.Twitter,38,0.004707736842105263,4.7077368421052626,1.5492072919363193,1,1.7433702566400517,Middle
SMTPS,24,0.004747833333333333,4.747833333333333,1.5576883736320166,1,1.7433702566400517,Middle
HTTP.Espn,12,0.004863500000000001,4.863500000000001,1.581758343327358,1,1.7433702566400517,Middle
HTTP.Microsoft365,91,0.004880560439560439,4.88056043956044,1.5852600574431899,1,1.7433702566400517,Middle
TLS.IHeartRadio,48,0.004913208333333333,4.9132083333333325,1.59192715679252,1,1.7433702566400517,Middle
HTTP.AmazonAWS,18,0.004937333333333333,4.937333333333332,1.5968253743832563,1,1.7433702566400517,Middle
HTTP.WindowsUpdate,66,0.0051389545454545455,5.1389545454545456,1.6368496629533735,1,1.7433702566400517,Middle
TLS.Apple,11,0.005196272727272727,5.196272727272727,1.6479415853586865,1,1.7433702566400517,Middle
TLS.Cachefly,22,0.005368863636363636,5.368863636363636,1.680616272787406,1,1.7433702566400517,Middle
HTTP.Apple,5,0.0054268,5.4268,1.6913496416290166,1,1.7433702566400517,Middle
HTTP.Microsoft,159,0.005451955974842767,5.451955974842767,1.6959744387545015,1,1.7433702566400517,Middle
HTTP.Yahoo,88,0.005636340909090909,5.63634090909091,1.729235079980527,1,1.7433702566400517,Middle
HTTP.Google,775,0.005915349677419354,5.915349677419354,1.777550612744604,1,1.7433702566400517,Middle
HTTP,15771,0.006023109314564708,6.023109314564708,1.7956036234178379,1,1.7433702566400517,Middle
HTTP.Mozilla,8,0.006200625,6.2006250000000005,1.82465009342203,1,1.7433702566400517,Middle
TLS.Google,12454,0.006271519993576361,6.27151999357636,1.8360187484829895,1,1.7433702566400517,Middle
TLS.FbookReelStory,248,0.006395608870967742,6.395608870967742,1.8556116409704675,1,1.7433702566400517,Middle
SMTPS.GMail,343,0.0064548775510204085,6.454877551020409,1.8648360544859006,1,1.7433702566400517,Middle
TLS.Facebook,1526,0.006535511140235911,6.535511140235911,1.8772505598148743,1,1.7433702566400517,Middle
TLS.DirecTV,13,0.006557153846153846,6.557153846153846,1.8805566438938106,1,1.7433702566400517,Middle
TLS.NetFlix,18,0.006609944444444444,6.609944444444444,1.888575249054363,1,1.7433702566400517,Middle
TLS.Alibaba,62,0.006742467741935484,6.742467741935484,1.9084259917319064,1,1.7433702566400517,Middle
TLS.VK,57,0.006754824561403509,6.754824561403509,1.9102569994099792,1,1.7433702566400517,Middle
TLS.eBay,305,0.006755629508196722,6.755629508196722,1.9103761585129995,1,1.7433702566400517,Middle
TLS.GoogleMaps,14,0.006757642857142857,6.757642857142857,1.910674139476692,1,1.7433702566400517,Middle
TLS.Taobao,12,0.006772,6.772,1.912796464270889,1,1.7433702566400517,Middle
TLS.Huawei,12,0.0067747499999999995,6.774749999999999,1.9132024657159254,1,1.7433702566400517,Middle
TLS.Canonical,942,0.0067784108280254775,6.778410828025478,1.9137426833317215,1,1.7433702566400517,Middle
TLS.Instagram,15,0.0067852,6.7852,1.9147437696394307,1,1.7433702566400517,Middle
TLS.YouTube,250,0.0067889280000000005,6.788928,1.9152930498721987,1,1.7433702566400517,Middle
TLS.GoTo,32,0.0067986875,6.7986875,1.9167295788464431,1,1.7433702566400517,Middle
TLS.Pinterest,40,0.006808400000000001,6.808400000000001,1.9181571439516811,1,1.7433702566400517,Middle
TLS.AWS_Cloudfront,749,0.006894317757009346,6.894317757009346,1.930697558852807,1,1.7433702566400517,Middle
TLS.GoogleServices,1015,0.006908184236453202,6.908184236453202,1.9327068299422856,1,1.7433702566400517,Middle
TLS.Cloudflare,136,0.006928544117647059,6.928544117647059,1.9356497070974565,1,1.7433702566400517,Middle
TLS.AWS_S3,353,0.006942365439093484,6.942365439093484,1.9376425578134266,1,1.7433702566400517,Middle
TLS.Github,15,0.006946266666666667,6.946266666666666,1.9382043449852777,1,1.7433702566400517,Middle
TLS.LinkedIn,228,0.006957517543859649,6.957517543859649,1.9398227359899576,1,1.7433702566400517,Middle
TLS,69395,0.006968302701923769,6.968302701923769,1.9413716803293368,1,1.7433702566400517,Middle
TLS.Xiaomi,7,0.006992714285714285,6.992714285714285,1.944868790703338,1,1.7433702566400517,Middle
TLS.Twitter,785,0.0070400267515923565,7.0400267515923565,1.9516119701048273,1,1.7433702566400517,Middle
TLS.RUTUBE,30,0.007045566666666667,7.045566666666667,1.9523985774127994,1,1.7433702566400517,Middle
TLS.Yahoo,580,0.007078781034482758,7.078781034482758,1.957101722611829,1,1.7433702566400517,Middle
TLS.Yandex,362,0.007081458563535911,7.081458563535911,1.9574798982869692,1,1.7433702566400517,Middle
TLS.Tumblr,20,0.0071169499999999995,7.116949999999999,1.9624792628603913,1,1.7433702566400517,Middle
TLS.Microsoft365,244,0.007134840163934427,7.1348401639344265,1.9649898489868376,1,1.7433702566400517,Middle
TLS.Tor,19,0.007188263157894737,7.1882631578947365,1.9724495789766345,1,1.7433702566400517,Middle
TLS.PlayStore,5,0.0073216,7.3216,1.9908288833232324,1,1.7433702566400517,Middle
TLS.Azure,44,0.007332409090909092,7.332409090909092,1.9923041236895218,1,1.7433702566400517,Middle
TLS.Mozilla,1867,0.007385833422603107,7.385833422603107,1.999563763048928,1,1.7433702566400517,Middle
TLS.AmazonAWS,11,0.007532181818181818,7.532181818181818,2.0191847499328985,1,1.7433702566400517,Middle
TLS.DisneyPlus,7,0.0075437142857142855,7.543714285714286,2.0207146715644164,1,1.7433702566400517,Middle
TLS.Deezer,10,0.0077015,7.7015,2.0414151150823754,1,1.7433702566400517,Middle
TLS.Salesforce,76,0.00795175,7.9517500000000005,2.0733920302282782,2,2.351690490033487,Hard
NetBIOS.SMBv23,179,0.008325804469273742,8.325804469273741,2.11935966414364,2,2.351690490033487,Hard
TLS.WindowsUpdate,67,0.008409,8.408999999999999,2.129302560850761,2,2.351690490033487,Hard
TLS.Microsoft,354,0.008888338983050848,8.888338983050849,2.1847401910172013,2,2.351690490033487,Hard
TLS.MS_OneDrive,33,0.00909678787878788,9.096787878787879,2.2079213708575955,2,2.351690490033487,Hard
IRC,18,0.013006666666666666,13.006666666666666,2.5654620465268554,2,2.351690490033487,Hard
HTTP.DisneyPlus,14,0.013470928571428573,13.470928571428573,2.600533924306751,2,2.351690490033487,Hard
HTTP.Naver,7,0.0137,13.700000000000001,2.617395832834079,2,2.351690490033487,Hard
FTP_CONTROL,441,0.014398251700680273,14.398251700680273,2.6671067895362226,2,2.351690490033487,Hard
