protocol,protocol_detected,master_proto,app_proto,category_name,category_id,flows,avg_detect_pkt_in_flow,var_detect_pkt_in_flow,avg_detecting_bytes,var_detecting_bytes,avg_packets_in_flow,var_packets_in_flow,avg_bytes_in_flow,var_bytes_in_flow,avg_detecting_instructions,var_detecting_instructions,avg_detecting_cycles,var_detecting_cycles,avg_detecting_ipc,var_detecting_ipc,avg_detecting_llc_misses,var_detecting_llc_misses,avg_detecting_llc_refs,var_detecting_llc_refs,avg_detecting_llc_miss_ratio,var_detecting_llc_miss_ratio,avg_detecting_branch_misses,var_detecting_branch_misses,avg_detecting_branch_miss_per_kinst,var_detecting_branch_miss_per_kinst
ICMP,1,0,81,Network,14,15862122,1.00000025217307,3.782595412711943e-07,60.20895419919226,14.635963163806695,1.348086529658516,4577.694207065606,82.74946687460859,19069326.907635286,5179.189488770796,2424814.101682407,4061.722624564355,20337596.70383779,1.3154568138596463,0.04407710855691888,17.316866557954857,489.20538657508763,34.17789000740254,5465.282508762292,0.5387722367519933,0.04794288867989723,4.750950976168258,1376.9205040334448,0.8593766981415223,0.15983452910244245
NOT_DETECTED,0,0,0,NOT_DETECTED,0,3489960,0.0,0.0,3462.135941672684,456185480828.2961,5.5633947093949505,368836.50233992306,3462.135941672684,456185480828.2961,19192.069330880582,438790668305.1515,12046.853545885913,223215234393.6209,1.6964791027498884,0.27655124603471753,30.61787814186982,154308.51231765156,97.56449558161125,7559040.956067944,0.4241344159743951,0.06223534236078684,26.212675789980402,2041301.918350826,1.4256267757673442,0.9643669264132567
DNS,1,0,5,Network,14,193086,1.0048527599100918,0.10880360546059396,292.2773375594295,346853.849054689,14.04245776493376,384.7059855776342,9627.480273038957,400974139.3692467,19936.80305149001,37137203.114500485,10759.201526780813,108926780.7115492,1.9280553259998137,0.15457251813417847,10.90944967527423,1754.8641994661575,75.03857348538993,46050.03994440135,0.2724665299244896,0.05274280992003677,52.82564245983655,9194.149301757003,1.0224495896336347,0.8954015278281556
HTTP,1,0,7,Web,5,163278,5.721597520792758,58.865674852109144,2796.199181763618,80621778.60972211,220.42387829346268,11472543.195638012,206641.52809319075,13170819018266.545,72719.8070468771,696535722.7867808,26339.280258209925,1845429521.4928484,2.9178992656328466,0.19973880485511727,23.901382917478166,129066.96338801147,93.9277367434682,442053.54928628367,0.2658498457048714,0.026603446547065042,59.15358468379083,118971.9837183018,0.3879824259851296,0.3905596321287487
TLS,1,0,91,Web,5,88875,10.53314205344585,618.7153094805238,5678.705867791842,818043134.5769237,203.50722925457103,8256628.800406247,234504.95561181434,15700543527123.482,131978.32510829816,1158269011.8534384,49505.00382559775,907810566.1957662,2.8188529259184247,0.38783475701149756,61.0236511954993,25237.757167765827,226.3604388185654,129880.32753533487,0.23763368617721517,0.02965302550634762,117.24205907172995,5784.035685886805,0.5622158972601969,0.22434841375778564
SSH,1,0,92,RemoteAccess,12,50974,6.6782477341389725,66.2665268781656,1559.2517361792286,2246299.0886671892,108.07694118570251,180110237.00844032,46091.40181268882,3746114303060.267,41489.42596225527,805476342.3965958,19585.725585592656,1948348170.3210561,2.4632016431514105,0.1255796460495636,46.37075764115039,75933.87091559108,151.84792247027897,540039.6984952131,0.3116571019147016,0.030287824839267775,44.73219680621493,109493.03168710721,0.4145826935888885,0.16471564817211393
MySQL,1,0,20,Database,11,45677,13.96205967992644,0.27968670064392415,10744.503097839175,2700302.714425458,45.154629244477526,4.551149454785891,38827.63922762003,10158605.602246905,202620.90958250323,344661669.7764866,71086.8967532894,44875456.41458696,2.8504936270332992,0.011532430789405699,13.067911640431728,152.13716614688752,78.94969021608249,2308.2561111306904,0.17373821452809948,0.010377245702165661,114.25203056242748,236.77742899414002,0.48944847765834015,0.006560244878927216
SamsungSDP,1,0,456,Network,14,12763,1.0,0.0,79.03995925722792,0.11828102944556597,1.0239755543367546,0.02402753900908509,80.93426310428583,149.95971532903673,7280.145890464624,22225.183448402007,4128.753114471519,11285311.76393197,1.8460337731724517,0.06796908642840808,5.758442372482959,11.615002572621247,31.690511635195488,514.997376867431,0.22358731301418164,0.02583445481140112,8.696544699522056,27.69503389651719,1.1878695721225416,0.5063479342127336
TLS.Google,1,91,126,Advertisement,101,12454,4.0,0.0,491.10342058776297,13782.132230149587,60.90356511964028,37386.28867686757,36033.75718644612,42237827320.39535,122008.04087040309,554177267.3656815,39360.35354103099,50367088.50605098,3.096326665248113,0.063496337117941,12.564798458326642,73.2343992005886,75.22474706921471,9756.40757451046,0.24356067006584228,0.03146635522393443,90.75429580857556,2485.9842737413073,0.40446274409828165,0.065909391530721
HTTP.OCSP,1,7,63,Network,14,8734,4.0247309365697275,0.05205611606376676,694.9433249370277,823.5412120270013,23.89832837188001,191.14079638129485,4578.997023128006,11115375.282335998,49663.08987863522,833256.5377198615,21976.722234943896,18009517.33434188,2.312452548087932,0.09854339248398024,14.03503549347378,130.15929461174684,126.594916418594,35190.25015047962,0.22039661415159148,0.03271786262009659,107.86833066178154,2344.9615960912583,1.1321105578200137,0.2970871397999691
GRE,1,0,80,Network,14,4278,1.0,0.0,297.528517999065,64900.55119700891,334.6928471248247,388582659.6214122,119019.76764843384,47747721311795.81,6736.653108929407,8291.557553448163,5268.776531089294,1242727.975774596,1.3016568384759235,0.02423013962756414,18.01309022907901,102.6954808198157,45.553529686769515,318.5739227914282,0.3974615556334736,0.024721460735943956,13.833333333333334,5.309061866916004,2.051020290088827,0.118293596170349
LLMNR,1,0,154,Network,14,2160,1.0,0.0,85.9587962962963,183.32376521776405,2.8712962962962965,22.468620541838135,273.53333333333336,308500.8775925926,13752.301851851851,3448323.59036694,9680.994444444445,15238977.257376544,1.5732522472222223,0.19498712019576667,12.560185185185185,340.9000814471879,239.8537037037037,79997.7110048011,0.13565022083333333,0.023884218868299844,56.192129629629626,1021.2468825017145,3.689178588888889,3.8040486601237298
TLS.Mozilla,1,91,125,Web,5,2153,4.018578727357176,0.02009143098268136,566.0185787273572,134055.91326374866,28.647004180213656,242.45505024475725,8860.21504876916,223082843.10145497,148035.01346957733,181576670.14519712,47916.084533209476,105060251.34817229,3.145179856943799,0.10215608936283042,18.06363214119833,687.2179667425247,154.75290292614955,92566.31609120147,0.2197592201579192,0.0333967662974499,132.33813283790062,12902.006427911756,0.4894127621922898,0.15099043510294763
SSDP,1,0,12,System,18,2056,1.0,0.0,190.5296692607004,948.8707150657086,8.449416342412452,453.59569032082237,2006.4455252918287,44430585.62154613,24314.98540856031,1213737.1826664673,13771.75340466926,37043328.30835417,1.9255764557392994,0.1955463746902033,16.54377431906615,391.5321305015973,294.35603112840465,76367.6485336644,0.07969272568093384,0.004253821716795372,59.405155642023345,5037.988086259822,1.6999467130350192,2.474689972362416
TLS.Facebook,1,91,119,SocialNetwork,6,1526,4.0,0.0,497.64220183486236,16030.525977851792,52.499344692005245,4493.7336168707025,28548.5249017038,4596244079.507572,125625.40956749672,504463486.4161339,41066.55701179554,57630883.99117954,3.0626608931847965,0.05048965672005609,18.660550458715598,243.39460362884319,115.10353866317169,7756.381153926095,0.21837622214941024,0.027416145523140038,90.47968545216251,1977.0582373846767,0.3512321946264744,0.03362210944231664
TLS.GoogleServices,1,91,239,Web,5,1096,4.0,0.0,520.7198905109489,23285.004567871223,56.30383211678832,6556.97794151926,24717.505474452555,2202530151.9014297,136355.0647810219,280249534.27043843,45502.472627737225,111370026.13246244,3.052898965328467,0.11617855046480718,18.771897810218977,1194.8494292450314,167.29014598540147,80472.77712917577,0.1837960711678832,0.024660063510456614,131.79288321167883,10901.262759570302,0.5084426861313868,0.20775730676732848
TLS.Canonical,1,91,169,Cloud,13,967,4.148914167528439,0.26324339180548584,448.364012409514,3875.0608765582742,24.237849017580146,202.02615793790753,9144.457083764219,563621423.7372999,111510.71768355739,77949881.97303787,42827.041365046534,34613562.465713955,2.636111608066184,0.08981795729066852,16.768355739400207,257.0445829220534,224.07755946225438,106102.52449125162,0.13516339813857292,0.017451978153375097,227.8572905894519,8013.932064220625,1.036592665977249,0.1657505450892173
LDAP,1,0,112,System,18,929,5.407965554359526,7.001486603765059,616.497308934338,232979.72469674092,50.18514531754575,7643.709531760369,14738.262648008611,682537236.8309083,37696.83638320775,311222331.79023707,19524.763186221742,85601940.31420988,1.8782642583423035,0.24372868714204737,13.018299246501615,294.17727547126964,117.67384284176534,32721.944213542578,0.2097660645855759,0.04035066018737796,114.82023681377825,3197.981678738322,2.773391067814855,5.585443810494956
Kerberos,1,0,111,Network,14,905,3.2088397790055248,9.029314123500505,1042.3723756906077,776636.2116125881,9.39889502762431,53.4419877293123,4112.300552486188,6179321.359391959,32636.36685082873,577388822.0731553,14977.516022099448,123120998.74256098,2.0837034607734806,0.3086106872027501,11.72596685082873,776.7403754464149,50.25635359116022,17336.00058117884,0.3147055447513813,0.06985474750747231,92.86961325966851,3988.11780592778,3.125287444198895,4.995387203780333
TLS.Twitter,1,91,120,SocialNetwork,6,785,4.0,0.0,554.7643312101911,22355.38522455272,48.84076433121019,8053.47400705911,30140.098089171974,10931401475.530506,136871.73375796177,149013106.5214719,44144.07388535032,20261970.221292544,3.111819765605096,0.06480389728880111,14.838216560509554,80.08720191488499,110.60764331210191,9166.804018012901,0.19829285095541402,0.02314564870327842,112.21146496815287,3655.973116962148,0.3865177554140128,0.05050836741320642
HTTP.Google,1,7,126,Advertisement,101,775,4.0,0.0,839.941935483871,52330.51146722165,52.75483870967742,245819.01344432886,34058.96,369352331412.3689,83167.30064516129,2084942327.9418707,39684.86580645161,675086680.905863,2.2021766051612905,0.09689023217082474,32.11870967741935,5089.614295109262,234.62322580645161,128393.0580412071,0.1969376206451613,0.02021145049354125,297.7225806451613,108144.74497398542,1.9734889858064517,1.8530552133461844
TLS.Microsoft,1,91,212,Web,5,769,4.0091027308192455,0.016822211813088784,479.82184655396617,3797.392188527819,28.234070221066318,4235.93220723044,17588.993498049414,6171358626.339358,150433.94018205462,80427550.26950374,57123.37711313394,114799282.06064652,2.707715366710013,0.19287151254479137,54.365409622886865,4075.5972950532755,507.30559167750323,264262.5685122962,0.16516892457737323,0.019864275078980007,245.77243172951884,17737.837679522323,0.8225785721716514,0.2062329966692851
TLS.AWS_Cloudfront,1,91,464,Cloud,13,749,4.002670226969292,0.005333323826517244,526.2069425901202,18338.706173429277,58.93591455273698,22640.76224819564,41242.82242990654,38019528462.68542,136336.347129506,257650544.68323943,43176.72363150868,18235762.70199162,3.155326367156208,0.0521122632225421,12.236315086782376,68.59168521981243,85.826435246996,7314.728219735793,0.1974885393858478,0.022318271481070878,96.59679572763685,1796.6465050864433,0.37291941922563415,0.03625145254829688
HTTP_Proxy,1,0,131,Web,5,746,5.839142091152815,48.11353492082886,2066.3847184986594,38922317.31445817,190.21849865951742,557927.4147248239,196372.98525469168,662970791110.2261,67492.57506702413,210537648.61165714,27836.227882037532,108031746.23761399,2.5276013056300264,0.12616661519420416,13.88739946380697,1185.2125221916351,202.05361930294907,203004.5145512438,0.13551815817694374,0.026353755057977657,61.53619302949062,3046.5945345686378,0.6657749477211796,0.39648100718531226
ICMPV6,1,0,102,Network,14,719,1.0,0.0,92.55493741307372,2916.925702325707,96.9095966620306,25958.769295943017,8486.276773296246,189181576.3197804,7713.375521557719,1510632.9187888452,7238.133518776078,13113172.196359107,1.171679609179416,0.09278044283476937,12.556328233657858,787.7266602316229,140.7482614742698,28452.34135650465,0.12735143671766344,0.02733834591554502,48.009735744089014,479.44218616104496,2.703147087621697,7.187012134508848
QUIC.Google,1,188,126,Advertisement,101,715,1.0,0.0,1392.0,0.0,69.31748251748252,104827.8027013546,49399.88251748252,89419490523.34004,17057.6027972028,6492981.148523643,11365.106293706294,10272423.336953396,1.5807367972027975,0.11975903923527216,12.391608391608392,198.12636314734215,123.4013986013986,21310.12559244951,0.17459682657342657,0.02748798673183845,67.10909090909091,1391.9461411315958,1.77694753986014,1.7113252675473116
IMAPS,1,0,51,Email,3,707,32.15841584158416,0.5689638270757769,7128.151343705799,16383832.11429452,308.93493635077795,28354403.438482434,348813.5997171146,61076877411528.27,108903.86138613861,294013820.73043257,70791.26874115983,260350170.8216962,1.5825744568599718,0.09480103811608406,233.1230551626591,75126.25218415962,1181.5205091937764,169446.6597632485,0.17757649222065064,0.020095755380877947,205.07213578500708,1153.1673565416756,1.4698759731258837,0.2430209700608126
HTTP_Connect,1,0,130,ArtifIntelligence,109,670,4.0,0.0,418.9,301.3407462686567,59.44328358208955,480174.67364891974,29672.935820895524,14210740194.027222,56912.08805970149,85307144.21164846,26066.805970149253,54707116.6339942,2.272874256716418,0.17102376370754607,10.211940298507463,422.09537981733115,273.7507462686567,250028.54235018935,0.06997838358208955,0.009357099578248387,77.44776119402985,5031.253241256405,0.9020929805970149,0.5706285829839086
TLS.Yahoo,1,91,70,Web,5,580,4.001724137931035,0.0017211652794292503,559.1844827586207,22941.99872473246,29.063793103448276,548.6045511296077,9687.379310344828,392711736.14922714,139874.73793103447,32380000.272699166,44331.69310344828,15283901.854090368,3.170168724137931,0.04151435180007907,15.013793103448275,105.74463733650417,82.84482758620689,7690.489714625445,0.23553481379310343,0.024431079914951533,103.63620689655173,2346.903861474436,0.36250157241379316,0.032638420700261996
NetBIOS,1,0,10,System,18,518,2.2664092664092665,6.040995214740387,194.75289575289574,39386.63778118991,61.28185328185328,84022.27577108273,6538.088803088803,744184572.3087162,16286.733590733591,191688997.68964383,10315.445945945947,29405124.486460403,1.4475458223938225,0.21236720597722714,12.424710424710424,150.98950522502645,87.8069498069498,18877.414469074698,0.20714938030888033,0.03585046993450209,68.47490347490347,1124.6123045273623,3.0998110077220082,4.192589467212761
FTP_CONTROL,1,0,1,Download,7,445,28.1438202247191,2.5456078777932083,2057.9932584269663,60389.903325337706,99.17752808988764,1043039.1752253498,8424.30786516854,9604700206.689493,167288.08314606742,64707099.13690697,105933.5595505618,334848876.9430829,1.6244573348314606,0.08042170029204744,47.74606741573034,7305.829900265119,1057.2966292134831,423368.1996515592,0.07445646516853933,0.011532594565893731,856.9280898876405,42785.47797500315,4.484747853932585,1.1693293031396663
NTP,1,0,9,System,18,435,1.0,0.0,92.53333333333333,30.207509578544073,40.35402298850575,6771.088460827058,3636.993103448276,54810552.20914785,7486.813793103448,74753.45268331352,7057.029885057471,3160532.2956586075,1.118618156321839,0.06046242374973649,14.301149425287356,211.83344695468358,196.31264367816092,22564.596506804068,0.09068390574712644,0.01077470312934054,36.59310344827586,171.45512485136743,2.938702179310345,4.2485790147362765
TLS.Microsoft365,1,91,219,Collaborative,15,416,4.019230769230769,0.028476331360946745,480.65625,5964.389047475962,29.579326923076923,1520.604284162352,15562.826923076924,1219390525.0133135,141527.1923076923,48692095.458210066,51360.362980769234,131849282.83699496,2.853013608173077,0.21326051737374313,46.52644230769231,3076.422377727441,396.3293269230769,206553.03817839312,0.1944865889423077,0.024893700969727667,168.28846153846155,15320.921597633136,0.5680245192307691,0.19952443229178812
SMTP,1,0,3,Email,3,367,32.01634877384196,0.09782536064563548,12515.25613079019,66290641.96164498,61.17983651226158,3753.6243345781763,29282.188010899183,3581023163.771191,115239.16348773842,43006420.21850336,68406.19891008174,147388744.69340482,1.7190045476839237,0.047606018107751814,214.1607629427793,34286.658078981956,862.8310626702997,108796.14584709961,0.23121325885558583,0.011251004700224545,184.94822888283377,1043.0572652555145,1.3568963079019074,0.10273549061910683
TLS.Yandex,1,91,25,Web,5,362,4.0,0.0,543.6767955801105,22692.014323433352,56.98066298342541,9955.206808400231,44934.81767955801,15092396326.11593,140016.4640883978,55819314.07743964,44814.46132596685,49133636.541322,3.1543365662983422,0.06336583378611853,20.56353591160221,249.89237202771588,80.02762430939227,4511.485424742835,0.2997283508287293,0.031011963000553717,99.85082872928177,2875.41421202039,0.35240269889502757,0.055536310853569554
TLS.AWS_S3,1,91,463,Cloud,13,353,4.002832861189802,0.002824836087281016,455.07365439093485,3462.6121387700728,30.373937677053824,481.2029468176457,12098.484419263455,583844113.8984824,136639.74220963172,331317880.86555547,43823.801699716714,40477716.56124357,3.126415495750708,0.05776818589740578,15.271954674220963,143.70507748236483,97.71671388101983,6327.755443025784,0.19184252407932015,0.018273644772453385,104.42209631728045,3482.7425145856237,0.39059910198300285,0.03653042295964966
SMTPS.GMail,1,29,122,Email,3,343,4.005830903790088,0.011627808141165664,436.27113702623905,783.1772135759761,43.40524781341108,7.343062839463151,8127.262390670554,1871708.4326088624,96733.89212827988,13335014.667663982,41044.874635568514,61460978.581951395,2.391313868804665,0.05094697461540844,19.47813411078717,644.6926705709355,287.2594752186589,82397.21838689662,0.08436229737609328,0.00625706129643635,239.80758017492712,2137.3448988091695,1.0857886588921284,0.06643501656248131
TLS.eBay,1,91,179,Shopping,27,305,4.0,0.0,492.5016393442623,12567.154915345338,60.747540983606555,6475.395280838485,40340.53114754098,10757704367.363785,138561.68524590164,34265649.56650363,42084.75081967213,17688105.54446654,3.3097572655737704,0.0454507830190016,13.957377049180328,87.45719967750605,52.87868852459017,5538.572168771835,0.34579226885245906,0.04057431228461624,73.69508196721311,1714.3234184359044,0.23191649508196724,0.018655251668905713
RDP,1,0,88,RemoteAccess,12,286,32.0,0.0,18611.433566433567,13027826.909922246,36.55244755244755,250.1843121913052,22117.321678321678,249595331.6377818,108452.6993006993,7819757.517971539,74831.22027972028,101110237.41651183,1.4648829125874125,0.017611968635184667,370.4230769230769,16705.607719203876,1050.7027972027972,34404.3487334344,0.34704103846153844,0.005469723726575444,198.27272727272728,626.7088366179274,1.7755773951048952,0.06592815697658864
IGMP,1,0,82,Network,14,279,1.0,0.0,61.261648745519715,8.759496923215272,31.272401433691755,856.3200626918975,1931.111111111111,3311043.797690163,5942.878136200717,166148.68048971624,4795.971326164875,3660482.716023689,1.3144806344086022,0.0769417392666262,5.659498207885305,186.13137035752374,65.91756272401433,5476.283526676173,0.11978068100358423,0.024622623776747704,28.56989247311828,244.00138744363517,1.5830390071684586,3.785345806253677
TLS.YouTube,1,91,124,Media,1,250,4.0,0.0,547.808,23935.683136,241.608,338067.5983359999,296689.576,836612918975.4122,136128.792,145774386.88473603,42942.1,27622670.21,3.1856513759999996,0.04812165260339463,13.592,73.29753600000001,103.52,26792.2176,0.229578956,0.025316411825442062,97.36,2956.0783999999994,0.27454078000000004,0.0314448706367476
TLS.FbookReelStory,1,91,337,SocialNetwork,6,248,4.0,0.0,458.2258064516129,2715.19901144641,59.95161290322581,8918.594432882415,46273.01612903226,11715801465.644901,127122.76612903226,476799734.751756,40576.342741935485,89656543.18494733,3.1596319717741936,0.0731642413997613,15.370967741935484,128.56399583766907,89.13306451612904,10162.591164802287,0.24120062096774195,0.02773894431090472,76.97177419354838,2469.583880723205,0.27650549596774193,0.03021432826500805
TLS.LinkedIn,1,91,233,SocialNetwork,6,228,4.0,0.0,461.55263157894734,1822.2296860572483,28.61842105263158,259.1658010156971,9533.184210526315,202944363.72922438,136287.9254385965,128259646.02514237,43265.94736842105,15039923.72530009,3.1586455,0.05549113249410965,17.653508771929825,198.07731224992307,92.15350877192982,8587.963277162204,0.2485823771929824,0.028673614864331412,93.64912280701755,2121.280393967375,0.3424301447368421,0.03761445892134308
HTTP.GoogleServices,1,7,239,Web,5,210,3.9952380952380953,0.0047392290249433115,611.2571428571429,4877.886258503401,44.733333333333334,1635.7765079365079,20468.4,1938220675.7257142,60349.614285714284,36525851.37979592,30689.561904761904,85058253.82712018,2.0655208619047616,0.1287882163325952,31.71904761904762,5873.411541950114,318.65238095238095,183715.1410657596,0.14826410476190474,0.019220977367731887,216.71904761904761,19168.916303854872,1.6610634857142854,0.8498405191445927
MDNS,1,0,8,Network,14,185,1.0,0.0,133.96216216216217,4741.971541271001,108.27027027027027,66151.50533235937,14837.302702702702,1129435097.7245872,16232.091891891892,19808514.82939372,14320.178378378378,117379009.29250546,1.2576642486486487,0.1350709249045544,29.843243243243244,11354.759211102997,295.35135135135135,146515.28736303872,0.09706003243243243,0.007304510773977325,122.58918918918918,3580.966369612856,2.4727839351351353,4.177140490280947
NetBIOS.SMBv23,1,10,41,System,18,179,8.94413407821229,0.10861084235822852,1095.5307262569831,8371.668050310538,88.73184357541899,19457.16831559564,23267.351955307262,1312313265.8146749,81251.87709497206,44868503.727911115,58270.86592178771,195880854.5630286,1.4630403016759779,0.09320157282834475,32.201117318435756,4151.836646796292,779.1508379888268,258431.85992946537,0.056718955307262564,0.0048737327371153214,522.586592178771,15621.404512967758,3.9499867150837993,1.9084375700643716
HTTP.Microsoft,1,7,212,Web,5,177,4.011299435028248,0.022471192824539566,452.82485875706215,511.4439018162086,12.248587570621469,23.11334546267037,4544.649717514124,45969288.62306489,67750.97175141243,43392712.17434326,39895.813559322036,286843256.2194772,1.8762532033898305,0.250805664266953,93.67231638418079,51506.536691244546,539.7853107344632,427576.236394395,0.14835359322033898,0.014085456342535097,291.7853107344633,24325.049953717004,2.5144731186440676,1.5737685522726583
DCERPC,1,0,370,RPC,16,165,7.127272727272727,1.4565289256198344,1101.2969696969697,534338.4754453626,32.339393939393936,217.39996326905415,6405.890909090909,27794438.75173554,61283.46060606061,415079614.90299356,30997.521212121213,146711766.45561063,2.0230505212121215,0.12413704493032228,24.12727272727273,2447.989862258953,244.36969696969697,80904.0148393021,0.16501378181818183,0.02092842553140694,182.52121212121213,3455.0980348943986,2.254359254545455,0.6648833318518503
Telnet,1,0,77,RemoteAccess,12,144,32.0,0.0,1993.423611111111,97283.32749807097,61.048611111111114,1007.7684702932098,3880.2916666666665,8106582.401041667,115421.42361111111,9335791.299720293,125524.88194444444,939952261.9652295,0.9956948402777779,0.10790586314474532,1181.8958333333333,238272.67664930556,1666.513888888889,169918.7359182099,0.6701466944444445,0.03788917609079553,204.47916666666666,541.2912326388889,1.4719686597222221,0.11926828939748838
TeamViewer,1,0,148,RemoteAccess,12,139,32.618705035971225,28.077635733140102,3047.705035971223,12204599.459758813,109.84892086330935,43638.45918948294,17643.51798561151,4903158810.03385,100971.53956834532,180882492.23404583,126051.89208633093,378461646.24015313,0.8213345683453237,0.03490434349877771,1211.9208633093526,55023.05129134102,1932.6187050359713,64256.92655659644,0.620609820143885,0.005959700112665494,232.13669064748203,543.0100926453082,1.6860749712230216,0.2231481034896107
TLS.Cloudflare,1,91,220,Media,1,136,4.0,0.0,447.84558823529414,2609.807039359862,53.35294117647059,2062.4783737024222,31258.382352941175,2230620389.3538055,136809.9411764706,135651671.5700692,42838.44117647059,11953062.084775086,3.1962114411764704,0.037541891917011246,13.0,62.470588235294116,83.1470588235294,8959.16955017301,0.21990913970588236,0.02545230102701725,95.08823529411765,1993.9628027681663,0.33706519852941175,0.03174372898640912
SMBv23,1,0,41,System,18,133,32.0,0.0,5463.285714285715,28874.158968850705,33.96992481203007,5.03668946803098,5617.849624060151,78040.69919158798,118882.00751879699,2354233.8270111363,77670.06766917293,43418945.22098479,1.5404866842105263,0.014086819244276218,313.1578947368421,13424.659279778392,1475.8195488721803,60738.01255017243,0.2109775413533835,0.004262425768970095,205.09774436090225,920.2987167166037,1.6947773759398497,0.055123543950324844
HTTP.WindowsUpdate,1,7,147,SoftwareUpdate,19,127,4.0,0.0,577.5511811023622,8829.113522227046,41457.68503937008,74099997952.29453,57420581.01574803,1.3090488944417658e+17,68823.8031496063,371217005.7171554,38136.149606299216,289017638.72564954,1.9546713700787401,0.24786933605702058,102.71653543307086,54455.9196478393,723.5354330708661,818732.4849649699,0.18098148031496064,0.02679196744599764,205.59055118110237,16983.375658751323,1.1092665984251966,1.7307065120031697
Apple,1,0,140,Web,5,110,32.0,0.0,7822.845454545454,5327709.039752066,78.51818181818182,61471.849669421485,17608.036363636365,4656642229.762314,118007.02727272727,54787071.371983476,83778.6909090909,233761613.14082646,1.4595254727272726,0.08533087195064928,355.22727272727275,85558.10289256199,1241.8363636363636,84178.22776859505,0.25706886363636366,0.029132344840135955,281.6909090909091,624.8862809917355,2.0537272181818182,0.18219575022344334
QUIC.GoogleServices,1,188,239,Web,5,103,1.0,0.0,1392.0,0.0,25.718446601941746,932.4741257422945,15874.883495145632,834163396.7242906,16970.223300970873,79496.36761240457,12585.388349514564,10527084.975398248,1.43897772815534,0.13752235165852805,13.844660194174757,335.95645206899815,192.84466019417476,40610.18946177772,0.1132311067961165,0.013498128552231313,81.6116504854369,1171.2860778584222,2.2433597475728155,1.7377083717966157
HTTP.Microsoft365,1,7,219,Collaborative,15,91,4.0,0.0,560.7362637362637,49941.908465161214,15.142857142857142,41.7927786499215,3154.285714285714,2955392.5996860284,60449.38461538462,110643165.62130177,33605.64835164835,191400406.82139838,1.9067397692307688,0.11468833691993575,39.30769230769231,3030.520710059171,290.3296703296703,132638.1990097814,0.18254183516483516,0.01874171997099481,231.5054945054945,15798.184035744476,2.3351471648351643,1.2586495246079616
HTTP.Yahoo,1,7,70,Advertisement,101,88,4.0,0.0,751.9886363636364,89787.10214359502,16.261363636363637,48.46577995867768,3118.556818181818,10648282.769498967,76515.94318181818,749393493.0763171,37599.568181818184,241773328.67716944,2.089223852272727,0.05530305228928498,22.863636363636363,203.84504132231407,193.73863636363637,36302.69305268594,0.15937805681818182,0.010008971583144498,286.97727272727275,38877.40857438016,2.628477875,1.3483867503503366
TLS.WindowsUpdate,1,91,147,SoftwareUpdate,19,84,4.011904761904762,0.011763038548752833,456.98809523809524,786.702239229025,73.25,8581.21130952381,85944.82142857143,22581550233.194305,153563.39285714287,28559123.476615645,53646.619047619046,33427654.68820862,2.895140869047619,0.1010483422741614,34.48809523809524,898.797477324263,259.45238095238096,107789.2239229025,0.17572845238095236,0.02253895786246202,212.9047619047619,11026.80045351474,0.6767270833333333,0.13526797049571923
HTTP.SOAP,1,7,253,Collaborative,15,80,4.0,0.0,606.9375,758.75859375,16.8875,53.574843750000014,9133.8375,112889720.38609374,61703.8625,21409992.843593754,35604.5375,688280310.6735935,2.05943915,0.32072907791470245,92.95,78004.42249999999,311.675,308078.11937500007,0.2360687,0.025028497971710008,176.525,14693.174374999999,1.5988581749999997,1.5172847936557443
TLS.Salesforce,1,91,266,Web,5,76,4.0,0.0,485.5263157894737,530.3545706371191,27.157894736842106,588.0540166204985,8099.9473684210525,228539951.47091404,146187.56578947368,10697564.324619114,50256.5,17615396.039473683,2.92708425,0.0525782779376875,23.36842105263158,334.20637119113576,181.5921052631579,23725.32046398892,0.16623759210526315,0.018996351138925727,215.28947368421052,10169.100415512466,0.9851111184210526,0.30830797713123603
HTTP_Connect.Microsoft365,1,130,219,Collaborative,15,70,4.0,0.0,434.2857142857143,67.34693877551022,27.257142857142856,152.56244897959184,25483.1,5318411931.861429,60279.97142857143,100883.9706122449,25914.35714285714,19553364.20102041,2.3863873285714283,0.12845911864936346,11.285714285714286,394.7183673469388,284.0571428571429,195401.82530612242,0.05404431428571429,0.00540018730681551,76.62857142857143,3424.090612244898,0.8395014714285716,0.3906607206837062
TLS.Alibaba,1,91,274,Web,5,62,4.0,0.0,497.69354838709677,13965.599635796047,85.96774193548387,33175.77315296566,68355.5,36903563074.6371,137843.46774193548,4957832.442507805,42177.58064516129,5267273.469302809,3.2765530645161296,0.025811005240189394,19.096774193548388,219.99063475546308,76.40322580645162,2108.918054110302,0.27713922580645156,0.03876505047507805,77.03225806451613,1294.4828303850156,0.26379972580645167,0.014937068349069979
DHCPV6,1,0,103,Network,14,62,1.0,0.0,118.38709677419355,304.2695109261187,332.85483870967744,1844657.7047346518,53997.096774193546,50306102116.474525,12342.161290322581,633295.2965660772,14309.40322580645,25088137.821279917,0.9354407741935483,0.05578025204530385,23.951612903225808,875.7234651404785,403.96774193548384,66279.35379812696,0.07156759677419357,0.006700051042047088,105.37096774193549,1024.588189386056,3.9398092258064517,7.005420356965627
HTTP.AWS_Cloudfront,1,7,464,Cloud,13,59,4.0,0.0,697.1016949152543,121821.00660729675,48.59322033898305,5853.834530307384,24903.98305084746,6658443135.948865,62001.76271186441,47715590.04538926,29943.0,247231934.98305085,2.205668830508474,0.09140209664780179,17.54237288135593,140.01091640333237,125.20338983050847,6093.246768170067,0.17953154237288133,0.023571313607807523,169.20338983050848,6141.111174949727,1.419847593220339,0.6536503938674616
TLS.VK,1,91,22,SocialNetwork,6,57,4.0,0.0,502.7719298245614,17047.755001538935,90.7719298245614,18805.053247152966,73487.59649122808,23116252797.082794,135462.98245614034,100708162.89442904,42526.42105263158,13525550.068328718,3.1943053684210523,0.04746486793163621,23.94736842105263,306.6112650046168,73.36842105263158,2159.285318559557,0.34295152631578946,0.029434546195021238,79.84210526315789,1024.7996306555863,0.27255101754385963,0.01743421272408741
HTTP_Connect.Github,1,130,203,Collaborative,15,55,4.0,0.0,409.8181818181818,93.42148760330579,24.381818181818183,23.472396694214886,10296.418181818182,5753322.934214877,50772.38181818182,946149.0360330576,23828.29090909091,18695043.042644627,2.187195054545455,0.1047450627657243,7.709090909090909,102.35173553719008,232.4,215208.16727272718,0.08996663636363637,0.014683120388631404,94.74545454545455,2381.462479338843,1.2163327818181815,0.3930024908735888
POPS,1,0,23,Email,3,53,32.45283018867924,3.4553221787112824,10836.528301886792,99533099.72089708,127.30188679245283,16254.814524741905,93394.03773584905,23693907979.394806,114172.15094339622,212703514.54325384,63493.660377358494,40473406.563901745,1.8066445660377357,0.05839713504417016,122.54716981132076,9065.417586329653,787.1320754716982,106767.28444286222,0.141606,0.0059943009484528294,188.47169811320754,586.3624065503739,1.1156181509433962,0.2769601403284301
NetBIOS.SMBv1,1,10,16,System,18,51,1.4705882352941178,5.425605536332178,321.37254901960785,96375.60630526721,114.84313725490196,63524.249903883116,30204.254901960783,4534435693.052673,16587.58823529412,420549217.183391,15906.549019607843,204378000.012303,1.0089120980392157,0.04333213764150021,24.470588235294116,357.70011534025366,329.6470588235294,57877.365628604384,0.10630698039215687,0.010134791506842756,146.13725490196077,18921.569396386007,3.4430691372549016,2.819133664691216
IMAP,1,0,4,Email,3,50,32.2,0.31999999999999995,5546.0,6319141.32,56.14,708.4404000000001,9040.56,54058854.24640001,100454.96,430386164.51839995,85862.6,537529075.4,1.20544026,0.051384607014592396,537.42,120812.28359999998,1375.28,174631.0816,0.36948391999999997,0.030861961886993597,194.96,1081.3984,1.59166034,0.06898348175458441
TLS.IHeartRadio,1,91,325,Music,25,48,4.0,0.0,419.875,197.02604166666666,137.27083333333334,107292.94748263888,148679.1875,189040097122.2357,90929.22916666667,50834434.17664931,31369.104166666668,13676819.093315974,2.9168867499999998,0.04533896783864585,11.770833333333334,91.92664930555554,79.33333333333333,10318.59722222222,0.2016225833333333,0.02146890336270139,75.04166666666667,952.6232638888888,0.3268150625,0.038499530024225265
STUN,1,0,78,Network,14,46,3.6956521739130435,76.29867674858225,689.9782608695652,4799948.499527412,29.32608695652174,8202.958884688089,2923.804347826087,67759769.63563327,17769.847826086956,1001262979.7377127,14743.91304347826,479495254.9489602,1.2023821521739129,0.1618135555887377,76.97826086956522,22735.3690926276,229.8913043478261,210736.31427221175,0.4419309782608695,0.033047173456629976,74.47826086956522,3889.5538752362936,3.497730630434783,4.5914534990475815
TLS.Azure,1,91,276,Cloud,13,44,4.0,0.0,480.6136363636364,5048.555268595042,115.0,85297.09090909091,109825.43181818182,121909642498.65448,143388.8409090909,13944850.906508261,44762.88636363636,11556507.60072314,3.2182815227272727,0.04498063303170401,19.136363636363637,206.20867768595042,133.61363636363637,108001.41890495866,0.2368191363636363,0.023984891989845044,89.9090909090909,1603.128099173554,0.26445368181818185,0.028634595311307853
TLS.MS_OneDrive,1,91,221,Cloud,13,42,4.0,0.0,446.3095238095238,300.9280045351474,30.666666666666668,760.6031746031747,9791.57142857143,27772332.625850342,152380.52380952382,49176915.963718824,57221.19047619047,94391447.82086168,2.718262880952381,0.12462673243862865,47.95238095238095,3529.997732426303,315.3809523809524,104815.56916099774,0.1663867142857143,0.008038384389299318,297.7857142857143,11658.97789115646,1.0362060476190476,0.11816401667985488
TLS.Teams,1,91,250,Collaborative,15,40,4.0,0.0,720.7,2078.3099999999995,15.0,3.9,4144.65,8702207.5275,140298.65,293615.97750000004,60702.475,30011515.549375005,2.3271373,0.03210413281331,65.65,2779.7775,864.6,22538.79,0.071548375,0.0014582261073843752,327.15,5378.0775,1.585470125,0.22065596005205937
TLS.Pinterest,1,91,183,SocialNetwork,6,40,4.0,0.0,461.725,2548.099375,36.175,207.144375,10185.1,59684322.89000001,137605.675,2486339.819375,43126.75,3925521.5875,3.1970670500000002,0.02037463895619749,17.725,111.49937500000001,71.55,2041.2475,0.2906651,0.022908120857639998,92.225,881.7243749999998,0.298682125,0.008303509222909374
HTTP.Twitter,1,7,120,SocialNetwork,6,38,4.0,0.0,743.9473684210526,11976.313019390582,61.28947368421053,29273.62673130192,57371.89473684211,50323266933.30472,64187.5,145764575.67105263,32261.07894736842,82948507.44113573,2.0495033947368424,0.08084210866387051,26.342105263157894,381.8040166204987,198.6315789473684,33805.86426592797,0.20275365789473684,0.024661253586119803,200.42105263157896,9887.612188365652,1.6962224473684213,0.659229224184563
HTTP.Facebook,1,7,119,SocialNetwork,6,38,4.0,0.0,618.3947368421053,2198.8178670360107,24.394736842105264,85.87049861495844,12908.342105263158,106942361.96191138,61726.65789473684,57894444.11980609,28894.86842105263,91518185.0090028,2.2105283421052624,0.07058433944780403,20.605263157894736,168.23891966759004,259.4736842105263,162242.8808864266,0.11985371052631578,0.005217250483310942,154.60526315789474,21751.238919667583,1.3091622631578947,1.3393968561259308
TLS.GoTo,1,91,293,VoIP,10,32,4.0,0.0,512.90625,15151.0849609375,577.90625,490080.8974609375,649898.46875,716547713006.8115,139414.5,751886.1875,44663.84375,62733366.19433594,3.180995,0.12140177834212502,18.5625,1073.18359375,145.0,47480.9375,0.25177178125,0.0428219309442959,104.0,8103.5625,0.207442875,0.06602189778004687
HTTP_Connect.Azure,1,130,276,Cloud,13,31,4.0,0.0,447.16129032258067,21.103017689906352,24.387096774193548,3.3985431841831426,12150.451612903225,157181894.37669098,62300.354838709674,1836742.4869927159,34413.25806451613,36475051.41727368,1.8655662903225805,0.10630029441394795,50.74193548387097,2084.1269510926118,372.9032258064516,51275.31321540062,0.13423929032258067,0.008679530700722164,201.96774193548387,5194.998959417276,2.2564479677419356,0.6588509287701603
TLS.RUTUBE,1,91,443,Media,1,30,4.0,0.0,763.1666666666666,10302.605555555554,201.33333333333334,102088.28888888888,235321.03333333333,187919492895.69894,138326.6,875746.9733333334,41691.833333333336,5590751.005555555,3.327884933333333,0.03198015341006222,14.533333333333333,82.18222222222222,45.1,1784.0233333333335,0.42903053333333335,0.03727552955904889,70.33333333333333,1442.3555555555563,0.2658410666666666,0.027676450121528882
Blizzard,1,0,213,Game,8,30,16.133333333333333,192.51555555555558,2335.9666666666667,3470187.232222222,216.8,102702.76000000007,49195.76666666667,1453840641.2455559,64736.3,1550263990.343334,55427.933333333334,1851781770.7955554,1.3939144333333333,0.09661235162844556,364.53333333333336,180587.44888888893,839.9,727818.0899999999,0.3589567666666667,0.015235407821978885,136.0,6143.866666666667,0.8525907333333334,0.10528646510226224
HTTP.Canonical,1,7,169,Cloud,13,26,4.0,0.0,500.6923076923077,3373.5976331360944,1389.3461538461538,27860792.149408285,3069867.653846154,176785094454365.16,50919.96153846154,6281720.036982249,28252.80769230769,105629345.3860947,1.9649899230769232,0.24627082884176332,54.92307692307692,14981.763313609468,331.9230769230769,111740.60946745562,0.1250665,0.016920322478173076,148.57692307692307,5193.09023668639,1.0088278076923078,0.8121265953246168
SMTPS,1,0,29,Email,3,26,6.153846153846154,55.66863905325444,932.1153846153846,3389344.6405325434,52.65384615384615,252.30325443786978,5905.538461538462,3193506.479289941,74298.96153846153,43373275.80621302,34219.96153846154,93263381.42159763,2.2632689615384614,0.12245827816611389,27.076923076923077,1891.9171597633137,343.84615384615387,287016.5147928995,0.11014542307692307,0.011124758455936393,197.23076923076923,1795.4852071005919,1.2978853461538462,0.1256493178697648
HTTP.AWS_S3,1,7,463,Cloud,13,25,4.0,0.0,607.2,4128.240000000001,21.72,169.4016,9039.2,251201349.52000007,58097.8,23115622.48,26112.0,5999792.08,2.23113024,0.0159512927850624,12.84,47.654399999999995,79.4,1761.92,0.18843052,0.011244332498569598,145.16,974.0544,1.5976540000000004,0.15899537640960001
HTTP.Cloudflare,1,7,220,Media,1,24,4.0,0.0,615.8333333333334,1049.0555555555554,23.25,44.770833333333336,5616.0,37803138.083333336,58702.0,3134267.0,27898.916666666668,7220300.993055555,2.1197305416666663,0.029924683297748264,21.625,85.31770833333333,228.875,59912.442708333336,0.15586720833333334,0.013620528794998263,156.45833333333334,1114.3315972222224,1.3865164166666666,0.08984711676890972
Akamai,1,0,467,Database,11,24,32.0,0.0,11864.625,133905936.984375,3041.2083333333335,96737773.24826388,2877144.875,98210074391512.44,117639.70833333333,41465744.28993056,78254.08333333333,146656998.99305555,1.5375775416666666,0.054185053806831605,319.7083333333333,58857.03993055556,1026.3333333333333,96955.55555555556,0.30383525,0.02830347299052083,252.875,633.7760416666666,1.2308732083333334,0.6181624365525816
AWS_EC2,1,0,461,Cloud,13,23,31.043478260869566,9.693761814744802,6220.695652173913,32683832.82041588,271.30434782608694,423549.08128544426,69887.69565217392,47525150868.12476,129484.39130434782,2590424867.8034024,100615.86956521739,507439988.9829868,1.3254366521739132,0.19218905109666165,593.7391304347826,166654.80151228738,1519.0434782608695,239489.08506616257,0.36477778260869564,0.044199265469822314,342.69565217391306,32610.21172022685,1.682218869565218,0.5602450730998526
TLS.Cachefly,1,91,289,Cloud,13,22,4.0,0.0,427.0,214.9090909090909,42.09090909090909,216.71900826446281,12291.227272727272,36264694.26652892,92282.77272727272,80988.99380165289,34493.22727272727,5396467.084710743,2.688272727272727,0.037101370653016504,18.454545454545453,126.42975206611571,136.27272727272728,4623.743801652893,0.15742186363636362,0.010507755005208678,116.5,1519.340909090909,0.398024,0.03826413413772728
JSON,1,0,468,Network,14,22,1.0,0.0,410.77272727272725,84797.53925619835,39378.818181818184,2330714604.1487603,20323871.045454547,637167531768961.5,41755.181818181816,245838442.69421485,61366.181818181816,1893989388.330578,0.9427609545454547,0.20028870054131617,342.09090909090907,176283.71900826445,1254.6363636363637,2165768.5041322317,0.25797059090909097,0.022557827955150826,454.1818181818182,44702.78512396694,2.0101106363636365,11.005797583090231
TLS.Tumblr,1,91,90,SocialNetwork,6,20,4.0,0.0,686.8,17429.46,29.75,22.8875,5257.15,5413055.1275,138960.75,758305.3875,43754.4,1565326.1400000001,3.1782705000000004,0.007039878166949995,16.5,108.55,89.1,1744.39,0.20476955000000002,0.019032027182247495,97.9,188.98999999999998,0.4546011,0.013801602731489998
TLS.Tor,1,91,163,VPN,2,19,4.0,0.0,441.10526315789474,316.5152354570636,21.36842105263158,63.18005540166204,6563.368421052632,16502123.916897511,144395.36842105264,126473630.33795018,46174.26315789474,14452062.404432133,3.13486947368421,0.05453253883951246,19.0,156.6315789473684,73.84210526315789,1418.9750692520777,0.27703405263157893,0.019981979469418282,110.78947368421052,3157.4293628808864,0.36632857894736837,0.015551533675296398
BJNP,1,0,204,System,18,19,1.0,0.0,67.57894736842105,78.98060941828257,215.8421052631579,40529.08033240996,14886.947368421053,200231944.15512466,7323.894736842105,371602.9362880887,6119.736842105263,10536330.193905815,1.358180263157895,0.13375156292777285,10.789473684210526,1092.7977839335183,39.21052631578947,3777.4293628808864,0.14729152631578946,0.02594340270898615,29.31578947368421,222.8476454293629,0.4795018421052631,0.4162571244335014
TLS.NetFlix,1,91,133,Video,26,18,4.0,0.0,438.55555555555554,5.80246913580247,36.5,548.1388888888889,19324.61111111111,738154453.3487655,139572.0,1226750.4444444445,41975.27777777778,1970310.9783950618,3.328523,0.011110222520333335,14.777777777777779,47.06172839506173,56.22222222222222,672.0617283950618,0.29898322222222223,0.041222673241061734,66.27777777777777,458.7561728395062,0.23367949999999993,0.004008397645916667
HTTP.AmazonAWS,1,7,265,Cloud,13,18,4.0,0.0,585.6111111111111,7678.793209876543,27.88888888888889,40.876543209876544,2358.8888888888887,172429.987654321,68217.5,567132703.1388888,33464.166666666664,178767371.0277778,2.070720833333334,0.022497367564472202,26.055555555555557,367.71913580246905,153.11111111111111,4863.765432098766,0.17166616666666668,0.015281220001916666,220.33333333333334,25081.55555555555,1.9361643333333332,0.7702751696747778
IRC,1,0,65,Chat,9,18,17.22222222222222,0.3950617283950617,1316.5555555555557,1935.802469135803,51.77777777777778,25.728395061728396,4064.4444444444443,114171.35802469135,126491.22222222222,3860801.0617283955,91080.11111111111,212663960.98765433,1.4183963333333334,0.03808585643199999,47.666666666666664,11313.666666666664,1053.4444444444443,103661.69135802468,0.04184272222222222,0.006172468808422838,809.1111111111111,14759.209876543211,4.994302555555556,0.5675232962421358
MQTT,1,0,222,RPC,16,17,11.764705882352942,188.53287197231833,1268.8235294117646,1971705.6747404845,56120.470588235294,1403351958.1314878,11123738.11764706,52126903688699.984,62262.76470588235,3040945873.7093425,76579.76470588235,2534831835.2387543,0.7341506470588236,0.10102708611458132,507.4117647058824,134241.18339100346,1798.1176470588234,1676790.221453287,0.26832599999999995,0.010956145100352942,361.3529411764706,102144.93425605533,0.48065717647058825,0.5801899450210865
QUIC.YouTube,1,188,124,Media,1,17,1.0,0.0,1392.0,0.0,40.0,1008.3529411764706,22501.235294117647,850117900.768166,14479.470588235294,615154.0138408304,8994.70588235294,2327326.442906575,1.6451256470588236,0.05144937336422837,13.235294117647058,96.76816608996539,73.58823529411765,4253.889273356402,0.23774729411764706,0.03498888818079585,45.05882352941177,356.4083044982699,1.0301696470588235,0.6020252227624638
TLS.Github,1,91,203,Collaborative,15,15,4.0,0.0,441.6,30.50666666666666,49.733333333333334,2208.9955555555557,37885.933333333334,2462494444.328888,140008.8,2674034.8266666667,42037.066666666666,7433243.262222221,3.3430263333333334,0.038303211023288895,5.0,38.8,35.266666666666666,485.128888888889,0.1276735333333333,0.01284023969158222,52.46666666666667,420.38222222222225,0.1752034,0.005428020831173334
TLS.Instagram,1,91,211,SocialNetwork,6,15,4.0,0.0,448.6,31.439999999999994,93.06666666666666,14204.46222222222,84558.4,22613609867.706657,140390.53333333333,475720.11555555556,43439.13333333333,9191004.515555555,3.2458878666666675,0.0408611395878489,17.6,482.3733333333335,97.4,5051.973333333332,0.20498373333333333,0.023902057127795563,67.13333333333334,529.5822222222222,0.1924697333333333,0.004999325792062222
TLS.GoogleMaps,1,91,123,Web,5,14,4.0,0.0,448.35714285714283,243.0867346938776,154.85714285714286,82586.83673469386,118402.35714285714,70006277953.94386,139075.92857142858,132698.92346938775,42250.357142857145,2556824.37244898,3.2962010000000004,0.014167700678142858,11.214285714285714,64.45408163265304,72.64285714285714,3582.372448979592,0.21224828571428572,0.01515043841034694,70.78571428571429,795.5969387755102,0.18342121428571428,0.005919517815168369
DHCP,1,0,18,Network,14,14,1.0,0.0,470.35714285714283,14859.086734693878,11.642857142857142,43.229591836734706,5464.642857142857,9270667.086734693,21841.428571428572,6508866.244897959,24892.428571428572,12173244.530612245,0.9016252857142859,0.04494384000977551,127.21428571428571,7958.168367346938,767.2142857142857,56815.16836734694,0.17331921428571428,0.010731141942882652,132.57142857142858,147.67346938775512,4.089121428571429,0.922541892429388
HTTP.DisneyPlus,1,7,71,Streaming,17,14,4.0,0.0,1150.0,327532.14285714284,76.42857142857143,11565.530612244896,79271.57142857143,20291586956.959187,189735.2857142857,21620854467.346943,83144.42857142857,3770537011.102041,2.2555586428571432,0.11556768410522959,57.92857142857143,7248.494897959182,395.0,181229.42857142858,0.15751328571428574,0.01877606081677551,637.7857142857143,323409.1683673469,2.1908467857142857,2.79907173807274
ETHEREUM,1,0,354,Crypto_Currency,106,13,32.0,0.0,3868.3846153846152,4646103.928994083,1430.4615384615386,349125.47928994085,174982.6923076923,2487624384.8284025,107204.0,443451.3846153846,75585.38461538461,106988755.31360944,1.4451193846153847,0.03908309776439053,370.7692307692308,28591.562130177517,967.7692307692307,71507.25443786982,0.3730444615384615,0.010210656648556214,212.92307692307693,413.45562130177507,0.16854884615384616,0.007508964722745563
TLS.DirecTV,1,91,318,Streaming,17,13,4.0,0.0,663.4615384615385,28811.94082840236,146.76923076923077,18940.331360946744,152916.53846153847,29664875375.633133,136106.76923076922,172610628.94674554,41560.230769230766,4623496.485207101,3.270092923076923,0.05802108280145558,14.846153846153847,71.97633136094673,72.84615384615384,3162.899408284024,0.27335584615384617,0.028649386681360946,77.61538461538461,1270.0828402366865,0.3420039999999999,0.21228697723569226
TLS.Huawei,1,91,398,Web,5,12,4.0,0.0,725.6666666666666,15049.555555555555,85.91666666666667,3167.5763888888887,59336.166666666664,4376417394.472222,140116.58333333334,816011.2430555556,44153.083333333336,20410779.40972222,3.205628583333333,0.09944896366140969,15.833333333333334,156.4722222222222,48.166666666666664,1638.1388888888887,0.3532686666666667,0.016613608941222224,122.75,9832.6875,0.41693749999999996,0.07302189198591667
HTTP.Espn,1,7,466,Streaming,17,12,4.0,0.0,566.3333333333334,0.3888888888888889,253.08333333333334,2359.7430555555557,274219.6666666667,4353582653.555556,76992.91666666667,99090.24305555555,32667.0,68252630.0,2.470449083333333,0.20943536019307643,33.583333333333336,360.9097222222221,246.08333333333334,127399.74305555556,0.22506025000000004,0.014360768751020832,163.58333333333334,26960.409722222223,0.41014449999999997,0.13053680879425
HTTP.Huawei,1,7,398,Web,5,12,4.0,0.0,572.4166666666666,482.24305555555566,93.0,4632.0,75271.58333333333,6752217760.576389,55462.416666666664,3345028.9097222225,23533.666666666668,12909654.388888888,2.4040075,0.10103049726441665,17.0,45.166666666666664,138.66666666666666,18405.222222222226,0.17718233333333333,0.008003705320555554,111.66666666666667,3922.7222222222213,0.6715266666666667,0.16468495960388888
TLS.Taobao,1,91,436,Shopping,27,12,4.166666666666667,0.1388888888888889,521.25,22038.6875,29.583333333333332,112.74305555555554,9236.5,44944373.083333336,142021.25,15615379.854166666,43675.416666666664,2814896.4097222225,3.253877166666667,0.007108067137638896,18.666666666666668,80.22222222222223,79.58333333333333,1232.2430555555554,0.2714265833333333,0.033938056528243055,83.66666666666667,575.0555555555555,0.27931575000000003,0.022422953988687502
TLS.Apple,1,91,140,Web,5,11,4.0,0.0,413.45454545454544,209.88429752066114,1628.7272727272727,6212668.380165288,1697505.5454545454,6331770536893.704,89405.36363636363,2779639.1404958675,35391.181818181816,70275719.42148761,2.6301485454545452,0.20492112496915701,22.727272727272727,511.65289256198344,305.6363636363636,494686.41322314064,0.254529,0.025964875245454547,111.9090909090909,4938.0826446281,0.3539643636363637,0.13510316997459507
RSYNC,1,0,166,DataTransfer,4,11,32.0,0.0,16643.090909090908,128032404.80991735,23696.272727272728,970875346.5619835,28577288.727272727,1191307635671597.0,117776.54545454546,22971860.066115703,67970.63636363637,35381311.14049587,1.7444721818181819,0.02115439210505785,181.45454545454547,13276.429752066115,922.3636363636364,49160.59504132231,0.2094681818181818,0.015310410282694214,195.72727272727272,349.4710743801653,0.5057492727272727,0.45702913129310746
TLS.AmazonAWS,1,91,265,Cloud,13,11,4.0,0.0,497.54545454545456,814.9752066115702,25.727272727272727,30.74380165289256,8776.09090909091,4958639.173553719,149724.27272727274,55526762.743801646,48088.181818181816,14926713.23966942,3.1240935454545453,0.02954486941333884,14.0,62.18181818181818,92.63636363636364,3563.867768595042,0.18969736363636364,0.01140555751768595,126.0,4880.363636363636,0.44772090909090917,0.05459379160280992
TLS.Deezer,1,91,210,Music,25,10,4.0,0.0,449.6,278.44,30.2,131.76,18385.3,124242553.41,138869.6,184158.03999999998,48731.0,7653132.0,2.8592124,0.02806065719884,33.7,79.00999999999999,141.1,1861.6899999999998,0.24282280000000003,0.0021845352335600004,178.1,4679.889999999999,0.6513848,0.04976543913536
Munin,1,0,329,System,18,9,32.0,0.0,2319.777777777778,17.28395061728395,213.77777777777777,0.39506172839506176,15299.333333333334,1694.222222222222,120399.55555555556,165098.6913580247,84189.44444444444,12846063.13580247,1.4326667777777777,0.0036475740137283962,440.1111111111111,9409.20987654321,1719.5555555555557,11808.024691358025,0.255563,0.0027986481188888887,181.77777777777777,304.8395061728395,0.5967032222222222,0.0030175721735061726
HTTP.QQ,1,7,48,Chat,9,9,4.0,0.0,687.0,36282.0,61.888888888888886,2452.3209876543206,45272.88888888889,2539366563.876543,61054.77777777778,171069794.1728395,28787.777777777777,165582503.95061725,2.2539903333333333,0.1127714645097778,37.888888888888886,3403.654320987654,268.0,234697.11111111112,0.25577655555555556,0.04002312241935802,178.66666666666666,26506.222222222226,1.4281242222222224,1.8405999920179505
HTTP.Mozilla,1,7,125,Web,5,8,4.0,0.0,723.125,18014.859375,4417.375,19909242.234375,5508083.125,30421156339598.36,67732.625,103532855.234375,43210.125,240158243.109375,1.703222875,0.15229569723260938,98.0,14318.0,853.25,580023.9375,0.10365775,0.005606247735187501,384.75,49481.6875,2.633330375,7.071102184799734
BITCOIN,1,0,343,Crypto_Currency,106,8,32.0,0.0,7324.125,31543148.859375,2170.5,3312787.25,344934.75,145153873456.1875,106662.375,521559.234375,88074.625,352852963.984375,1.267083875,0.07103705104210936,538.875,88935.359375,1190.625,105685.484375,0.425909375,0.02675226733773437,206.875,586.859375,0.1273195,0.0036280733285000014
TLS.DisneyPlus,1,91,71,Streaming,17,7,4.0,0.0,581.8571428571429,24630.12244897959,170.0,21863.14285714286,166830.85714285713,29041811873.83674,144165.85714285713,5809229.551020408,45824.142857142855,3020134.408163265,3.1509111428571432,0.01887580149212247,11.857142857142858,128.40816326530611,67.14285714285714,961.8367346938775,0.1835011428571429,0.037576976727265295,124.71428571428571,1065.918367346939,0.3751477142857143,0.027165641810775513
HTTP.Naver,1,7,433,Web,5,7,4.0,0.0,832.8571428571429,16172.408163265305,14.0,96.0,2752.0,7085790.857142857,162381.7142857143,2031008251.3469386,85524.14285714286,671791154.4081633,1.9449525714285716,0.028654099657959207,175.57142857142858,7300.244897959184,904.5714285714286,284427.38775510207,0.21135128571428577,0.002752202341346939,928.5714285714286,125657.95918367346,4.704156428571429,2.7636672228496737
TLS.Xiaomi,1,91,287,Web,5,7,4.0,0.0,435.85714285714283,2.122448979591837,18.142857142857142,1.2653061224489797,6819.0,13516.857142857143,137941.85714285713,4724782.408163265,45503.71428571428,19200953.91836735,3.0562985714285715,0.06808034261367348,18.714285714285715,189.91836734693877,74.71428571428571,1341.061224489796,0.25993742857142854,0.01796024436767347,162.57142857142858,12873.102040816328,0.6484244285714286,0.20709738424081633
HTTP.AppleiTunes,1,7,145,Streaming,17,6,4.0,0.0,575.6666666666666,359.2222222222222,36.666666666666664,4.88888888888889,9080.666666666666,51879.22222222222,59033.166666666664,125549.13888888888,28169.833333333332,15091207.472222222,2.1308333333333334,0.06543150988888892,27.666666666666668,159.88888888888889,104.66666666666667,2479.222222222222,0.29475116666666673,0.016514972514472225,141.83333333333334,1435.472222222222,1.1689315,0.10252487770691665
AH,1,0,116,VPN,2,6,1.0,0.0,411.3333333333333,109006.22222222223,3377.3333333333335,22046623.22222222,4559013.333333333,38211786928466.23,6965.666666666667,1856.2222222222224,8766.666666666666,5363633.888888889,0.8525528333333333,0.049762728933805546,44.5,478.25,121.5,126.58333333333333,0.35690916666666667,0.02632046895847223,25.666666666666668,5.222222222222222,1.1322711666666667,2.3596491192244717
RTMP,1,0,174,Media,1,6,32.0,0.0,36609.0,28980618.666666668,13503.833333333334,325407099.1388889,16295326.666666666,537202870697281.56,107323.16666666667,46053.1388888889,67459.5,158962852.25,1.661925,0.14660887057433336,225.33333333333334,23372.22222222222,828.3333333333334,149308.88888888888,0.22178083333333334,0.01603735667513889,192.16666666666666,2240.138888888889,0.031692,0.00019486702800000004
POP3,1,0,2,Email,3,5,32.0,0.0,11379.8,187282345.35999998,41.6,104.24000000000001,18101.2,653871990.1600001,119123.2,41079144.559999995,68650.2,9008549.36,1.7363616,0.007461649191439999,196.8,9178.16,1301.4,45961.04,0.16276839999999998,0.011028822488240001,205.8,909.36,1.6037637999999999,0.07305594553176005
Outlook,1,0,21,Email,3,5,32.0,0.0,19537.8,202439876.96,4585.2,17601431.759999998,4473237.0,16877601671014.4,118638.2,35309231.76,88639.6,589222974.24,1.4425029999999999,0.14484257435120002,468.8,173554.96000000002,1027.8,307852.55999999994,0.3974058,0.02287219079176,262.6,1457.0400000000002,0.8837042,1.0855080199093599
HTTP.WebSocket,1,7,251,Web,5,5,4.0,0.0,700.0,10986.4,26075.4,1103350530.6399999,13342871.2,249748339637329.4,78674.6,11443676.24,49556.0,246335035.6,1.6967390000000002,0.12691832893200003,167.4,48467.44000000001,794.0,715714.8,0.22173020000000002,0.017562430210959996,372.0,10397.2,0.1330516,0.02818661229384
HTTP.Apple,1,7,140,Web,5,5,4.0,0.0,787.2,153.76,10.0,0.0,1483.4,231.04000000000002,67142.0,22374292.0,37341.6,86076075.44,1.8907339999999997,0.15327177861479996,25.8,352.96,636.0,449586.8,0.12698559999999998,0.014901801867439998,300.6,14946.64,3.4330036,1.6777219164818402
HTTP.MpegDash,1,7,291,Advertisement,101,5,4.0,0.0,863.4,32669.04,965.8,1377790.5599999998,1097787.2,1795732806358.1597,67770.2,26190607.36,32459.6,27966738.24,2.1219802000000003,0.05790668211856002,37.2,722.56,128.6,2553.04,0.26853420000000006,0.04293403428176001,206.4,1217.44,0.9667358,0.5491727757085599
TLS.PlayStore,1,91,228,SoftwareUpdate,19,5,4.0,0.0,440.4,3.84,37.0,252.8,10014.6,10230456.64,141721.0,2590232.8,47888.6,25941227.439999998,2.9914123999999997,0.09132330299503996,32.4,143.84,90.6,3485.44,0.4204301999999999,0.020875970179759996,186.8,9636.56,0.5615768,0.07167156496576002
TLS.TeamViewer,1,91,148,RemoteAccess,12,4,4.0,0.0,450.25,9.1875,297.0,78425.0,330260.5,104973743752.75,137694.75,10006362.1875,52113.5,70594651.25,2.70633625,0.15860286014118744,46.0,769.5,388.25,182444.6875,0.176266,0.007857319656500002,253.25,6385.6875,0.519439,0.044520687868500004
TLS.Pastebin,1,91,232,Download,7,4,4.0,0.0,440.0,29.0,177.25,21111.1875,104757.5,8876872662.75,136445.0,1721304.0,44056.0,4087045.0,3.1032200000000003,0.018674128750499976,15.0,128.5,90.25,1731.1875,0.18134250000000002,0.009642595392250002,153.5,4970.75,0.4391835,0.10125409801624999
TLS.DigitalOcean,1,91,442,Web,5,4,4.0,0.0,441.0,0.0,319.75,81110.6875,346311.75,113771131363.1875,136592.0,28293.5,46826.5,18302856.75,2.940457,0.06627377776100005,15.5,84.25,216.0,59653.5,0.13259775000000001,0.0106115774571875,165.25,8689.6875,0.25693575,0.00045113801268750016
HTTP.Instagram,1,7,211,SocialNetwork,6,4,4.0,0.0,566.0,22.0,43.0,121.0,23632.5,668258.75,54591.25,326441.6875,27420.25,4868146.6875,2.0045064999999997,0.028736985495250004,20.0,119.5,127.0,7592.5,0.19684325,0.007287677429187502,157.25,788.1875,1.2254112499999998,0.046196614439687485
MsSQL-TDS,1,0,114,Database,11,4,32.0,0.0,4455.0,540020.5,125.0,4117.5,36463.25,458842324.6875,119479.75,1414984.1875,96933.75,125087259.6875,1.25115425,0.026319358298187483,580.0,23991.5,1667.75,37413.6875,0.34537425,0.005827122590187501,212.25,1458.1875,1.11797125,0.2756483529936875
IP_in_IP,1,0,86,Network,14,3,1.6666666666666667,0.888888888888889,143.33333333333334,9614.22222222222,27073.0,1212146666.0,4246811.0,32930677289852.668,9188.0,1013888.6666666666,8153.666666666667,5029414.888888889,1.179779,0.04228552532866666,11.0,14.0,71.33333333333333,77.55555555555556,0.16269366666666665,0.005309282091555554,65.0,494.0,0.013684333333333333,8.142826155555556e-05
MongoDB,1,0,60,Database,11,3,32.0,0.0,3165.3333333333335,413411.55555555556,64.33333333333333,524.2222222222222,6473.333333333333,8143974.222222223,106971.33333333333,368441.5555555555,148862.33333333334,221823889.55555558,0.7259676666666667,0.0054345842035555605,1595.3333333333333,45593.55555555556,2099.0,17428.666666666668,0.7570356666666668,0.00408781937488889,242.66666666666666,122.88888888888887,1.7736416666666666,0.05620222759022218
QUIC,1,0,188,Web,5,3,1.0,0.0,1392.0,0.0,248.0,120050.66666666667,229854.33333333334,103631048594.88887,25749.666666666668,404497.55555555556,15426.0,1065124.6666666667,1.6763066666666664,0.012507661083555562,27.333333333333332,410.88888888888886,93.0,456.0,0.33419666666666664,0.06678173697355555,83.66666666666667,934.8888888888888,2.1501833333333336,3.0696545220362226
TLS.ParamountPlus,1,91,439,Streaming,17,3,4.0,0.0,433.0,2.0,26.0,16.666666666666668,9660.333333333334,14380876.222222222,141221.66666666666,9857.555555555555,44902.333333333336,10016329.555555556,3.1605173333333334,0.048008123181555534,37.666666666666664,219.55555555555557,115.0,2944.6666666666665,0.363132,0.008331196450666664,97.66666666666667,1240.888888888889,0.3597186666666667,0.014580163440888888
TLS.Amazon,1,91,178,Web,5,3,4.0,0.0,464.6666666666667,88.88888888888887,41.666666666666664,304.88888888888886,17889.666666666668,83839494.8888889,146782.66666666666,6566468.222222223,43930.666666666664,20994.888888888887,3.3411943333333336,0.003019182974888882,18.333333333333332,10.888888888888891,76.66666666666667,286.88888888888886,0.25084866666666666,0.004237419472888888,87.0,348.6666666666667,0.290883,0.002134402040666667
WebSocket,1,0,251,Web,5,3,1.0,0.0,185.0,32.0,86681.33333333333,811643064.888889,34384790.333333336,197425867408348.22,34564.333333333336,163473408.22222224,55845.666666666664,3344207851.555556,1.3025633333333333,0.4928233780362223,337.0,202290.66666666666,1548.6666666666667,4543150.888888888,0.36219,0.018212039586000005,312.0,102020.66666666667,0.004605666666666667,2.6967184222222226e-05
TLS.AWS_API_Gateway,1,91,459,Cloud,13,3,4.0,0.0,488.6666666666667,37.55555555555556,41.666666666666664,138.88888888888889,12700.333333333334,10901336.888888888,151106.66666666666,73504.88888888889,51523.333333333336,5267029.555555555,2.938653666666667,0.01738152973422225,8.0,0.6666666666666666,118.33333333333333,2958.2222222222226,0.08062466666666668,0.0010097559842222224,189.66666666666666,4505.555555555556,0.6403896666666666,0.06689695904088887
HTTP.Dailymotion,1,7,322,Streaming,17,3,4.0,0.0,530.0,0.0,58.0,4.666666666666667,38320.0,17723798.0,51757.333333333336,24507.55555555555,20998.0,673040.6666666666,2.4684223333333333,0.008302150939555551,19.333333333333332,1.5555555555555554,88.33333333333333,2290.8888888888887,0.2715116666666667,0.009599280646222222,66.66666666666667,530.8888888888889,0.446849,0.022410499142000006
TLS.Naver,1,91,433,Web,5,3,4.0,0.0,452.6666666666667,150.2222222222222,29.333333333333332,193.55555555555557,9301.333333333334,13847626.88888889,137857.66666666666,11553.555555555555,43034.0,2866878.0,3.2083003333333333,0.015155048413555557,20.666666666666668,160.22222222222223,53.666666666666664,1.5555555555555554,0.3798626666666667,0.0520074888268889,93.66666666666667,266.88888888888886,0.33844466666666667,0.005410682056222221
HTTP.Yandex,1,7,25,Web,5,3,4.0,0.0,642.3333333333334,3809.555555555555,22.666666666666668,206.8888888888889,11816.666666666666,159243716.22222224,57757.333333333336,7182251.555555555,27170.0,1782446.0,2.126587333333333,0.00238926883355556,25.666666666666668,337.5555555555556,115.33333333333333,296.22222222222223,0.206392,0.016312963046,131.66666666666666,130.88888888888889,1.3124753333333332,0.014424782981555547
TLS.SoundCloud,1,91,234,Music,25,2,4.0,0.0,439.0,0.0,30.0,196.0,8453.5,6207572.25,138937.0,21025.0,43193.5,4090506.25,3.2238439999999997,0.02381188472100003,3.0,1.0,45.0,676.0,0.0808005,0.00059841390625,105.0,676.0,0.39454500000000003,0.0057676430250000014
MessagePack,1,0,469,Network,14,2,2.5,2.25,259.5,15500.25,1161322.5,1259955738006.25,151794288.5,1.8617715176222252e+16,44340.5,95991006.25,30493.5,8262750.25,1.4976924999999999,0.21388728792025002,35.5,812.25,210.5,15500.25,0.13622,0.003005780625,319.0,8464.0,0.0027600000000000003,6.734025e-06
Azure,1,0,276,Cloud,13,2,32.0,0.0,5237.5,3306.25,221.5,2.25,34991.0,134689.0,107150.5,62250.25,120584.0,51955264.0,0.8919064999999999,0.003067332072249997,953.0,36.0,1710.5,20.25,0.5571605,2.4735702250000195e-05,289.5,0.25,0.9425475000000001,5.284563024999977e-05
BGP,1,0,13,Network,14,2,32.0,0.0,4979.0,3810304.0,1209.5,445556.25,288510.0,56282343121.0,105704.0,112896.0,108900.5,216928712.25,0.9891585,0.01873243882225,914.5,40200.25,1743.5,54990.25,0.518431,0.0020493729000000006,219.5,110.25,0.2386335,0.017599869560250003
ESP,1,0,117,VPN,2,2,1.0,0.0,286.0,576.0,1678.5,2632506.25,1536687.0,2325987964161.0,6833.5,6006.25,5908.5,79806.25,1.1585755,0.0017873870062499974,13.5,0.25,55.0,121.0,0.257576,0.003673087236000001,26.5,30.25,0.173345,0.026803256088999996
HTTP.Xbox,1,7,47,Game,8,2,4.0,0.0,384.0,0.0,10.5,0.25,1096.0,900.0,47992.5,20022.25,22078.0,1401856.0,2.1803850000000002,0.015212508920999967,27.5,110.25,115.0,100.0,0.2489525,0.012758267256249995,110.0,900.0,1.6252295,0.18887151024225007
HTTP.AccuWeather,1,7,280,Web,5,2,4.0,0.0,629.0,0.0,15.5,0.25,5764.5,3906.25,73924.0,70225.0,41082.5,2587272.25,1.8019135,0.0041087459002499965,17.0,1.0,356.0,17956.0,0.054403499999999994,0.00031217589225,345.0,64.0,2.52104,0.0011066932890000105
TLS.BitTorrent,1,91,37,Download,7,2,4.0,0.0,437.0,4.0,273.0,38809.0,254901.5,40578275040.25,138992.0,28224.0,49123.0,89401.0,2.8295945,0.0004261540922500015,40.0,441.0,150.0,2916.0,0.364277,0.07351689960000002,175.5,11130.25,0.2765585,0.006359344770250002
HTTP.Alibaba,1,7,274,Web,5,2,4.0,0.0,551.0,81.0,21.5,132.25,15611.0,206870689.0,60272.5,689730.25,31962.5,1017072.25,1.8884254999999999,0.007321968192250008,32.5,12.25,211.5,15500.25,0.2500515,0.026811278822250005,210.0,400.0,2.0903135,0.09100448723025009
HTTP.GoogleMaps,1,7,123,Web,5,2,4.0,0.0,569.5,20.25,32.0,0.0,5158.0,744769.0,53771.5,462.25,21139.5,1363056.25,2.5513765,0.019569631772250014,9.0,1.0,27.5,156.25,0.43333350000000004,0.05444452222225,72.0,225.0,0.5764980000000001,0.025567370404000006
HTTP.Azure,1,7,276,Cloud,13,2,4.0,0.0,637.5,8010.25,77.0,1681.0,61408.5,2801955422.25,72327.0,145154304.0,41477.0,86490000.0,1.7675174999999999,0.011201999760249996,69.5,380.25,838.0,483025.0,0.203853,0.021256765209,288.5,13806.25,1.578643,0.04524001380899997
BitTorrent,1,0,37,Download,7,1,32.0,0.0,27836.0,0.0,473471.0,0.0,598451452.0,0.0,123105.0,0.0,58615.0,0.0,2.10023,0.0,60.0,0.0,308.0,0.0,0.194805,0.0,169.0,0.0,0.000338,0.0
AmazonAWS,1,0,265,Cloud,13,1,32.0,0.0,1986.0,0.0,42.0,0.0,2604.0,0.0,106741.0,0.0,111735.0,0.0,0.955305,0.0,956.0,0.0,1693.0,0.0,0.564678,0.0,304.0,0.0,2.591734,0.0
FINS,1,0,362,IoT-Scada,31,1,32.0,0.0,18779.0,0.0,314.0,0.0,231777.0,0.0,119980.0,0.0,66207.0,0.0,1.812195,0.0,140.0,0.0,543.0,0.0,0.257827,0.0,195.0,0.0,0.477139,0.0
Cloudflare,1,0,220,Web,5,1,32.0,0.0,3665.0,0.0,98.0,0.0,13480.0,0.0,123904.0,0.0,74958.0,0.0,1.652979,0.0,173.0,0.0,1316.0,0.0,0.131459,0.0,287.0,0.0,1.447346,0.0
Yandex,1,0,25,Web,5,1,32.0,0.0,7172.0,0.0,120.0,0.0,21688.0,0.0,107064.0,0.0,106274.0,0.0,1.007434,0.0,731.0,0.0,1397.0,0.0,0.523264,0.0,313.0,0.0,1.565407,0.0
MS_OneDrive,1,0,221,Collaborative,15,1,32.0,0.0,27702.0,0.0,1229.0,0.0,308655.0,0.0,125489.0,0.0,66224.0,0.0,1.894917,0.0,138.0,0.0,906.0,0.0,0.152318,0.0,215.0,0.0,0.153267,0.0
OSPF,1,0,184,Network,14,1,32.0,0.0,2390.0,0.0,129.0,0.0,9392.0,0.0,120742.0,0.0,64472.0,0.0,1.872782,0.0,204.0,0.0,559.0,0.0,0.364937,0.0,143.0,0.0,0.646942,0.0
Tencent,1,0,285,SocialNetwork,6,1,32.0,0.0,13025.0,0.0,65.0,0.0,21139.0,0.0,129190.0,0.0,72169.0,0.0,1.790104,0.0,147.0,0.0,767.0,0.0,0.191656,0.0,275.0,0.0,1.646963,0.0
TLS.GoogleDocs,1,91,241,Collaborative,15,1,4.0,0.0,449.0,0.0,38.0,0.0,8876.0,0.0,135590.0,0.0,47822.0,0.0,2.835306,0.0,18.0,0.0,134.0,0.0,0.134328,0.0,269.0,0.0,0.83578,0.0
TLS.KakaoTalk,1,91,193,Chat,9,1,4.0,0.0,436.0,0.0,19.0,0.0,6802.0,0.0,138230.0,0.0,46787.0,0.0,2.954453,0.0,28.0,0.0,118.0,0.0,0.237288,0.0,149.0,0.0,0.609175,0.0
HTTP.YouTube,1,7,124,Media,1,1,4.0,0.0,650.0,0.0,35.0,0.0,7487.0,0.0,54455.0,0.0,26928.0,0.0,2.022245,0.0,10.0,0.0,219.0,0.0,0.045662,0.0,165.0,0.0,1.433623,0.0
TLS.Twitch,1,91,195,Video,26,1,4.0,0.0,485.0,0.0,257.0,0.0,276739.0,0.0,143096.0,0.0,47138.0,0.0,3.035682,0.0,25.0,0.0,110.0,0.0,0.227273,0.0,100.0,0.0,0.190625,0.0
HTTP.KakaoTalk,1,7,193,Chat,9,1,4.0,0.0,850.0,0.0,13.0,0.0,2166.0,0.0,56521.0,0.0,26406.0,0.0,2.140461,0.0,28.0,0.0,106.0,0.0,0.264151,0.0,174.0,0.0,2.036112,0.0
TLS.AppleiTunes,1,91,145,Streaming,17,1,4.0,0.0,477.0,0.0,48.0,0.0,14705.0,0.0,142020.0,0.0,44891.0,0.0,3.163663,0.0,13.0,0.0,82.0,0.0,0.158537,0.0,84.0,0.0,0.251168,0.0
HTTP.MS_OneDrive,1,7,221,Cloud,13,1,4.0,0.0,411.0,0.0,10.0,0.0,1846.0,0.0,46223.0,0.0,20812.0,0.0,2.220978,0.0,4.0,0.0,79.0,0.0,0.050633,0.0,99.0,0.0,1.495513,0.0
HTTP.VK,1,7,22,SocialNetwork,6,1,4.0,0.0,513.0,0.0,49.0,0.0,29651.0,0.0,49481.0,0.0,24796.0,0.0,1.995523,0.0,49.0,0.0,82.0,0.0,0.597561,0.0,116.0,0.0,0.925697,0.0
Protobuf,1,0,353,Network,14,1,1.0,0.0,1516.0,0.0,78237.0,0.0,16155437.0,0.0,60924.0,0.0,53705.0,0.0,1.13442,0.0,159.0,0.0,582.0,0.0,0.273196,0.0,601.0,0.0,0.006854,0.0
HTTP.Teams,1,7,250,Collaborative,15,1,4.0,0.0,445.0,0.0,782.0,0.0,2773414.0,0.0,49558.0,0.0,60114.0,0.0,0.8244,0.0,427.0,0.0,1077.0,0.0,0.396472,0.0,323.0,0.0,0.234512,0.0
