protocol                 , flows_p   , flows_e   , avg_detecting_detection_only_ms_p, avg_detecting_detection_only_ms_e, avg_detecting_ipc_p, avg_detecting_ipc_e, avg_detecting_llc_miss_ratio_p, avg_detecting_llc_miss_ratio_e, ratio_detecting_time_e_over_p, ratio_ipc_p_over_e, ratio_llc_miss_ratio_e_over_p, protocol_label           , family
Apple                    ,      110.0,      110.0,                0.0072491181818181,                0.0134125454545454,  1.4595254727272726,  1.099401418181818 ,             0.2570688636363636,             0.2592612909090909,            1.8502313134011417, 1.3275637529566091,            1.0085285601753333, Apple                    , Apple
DCERPC                   ,      165.0,      165.0,                0.004709006060606 ,                0.0083426242424242,  2.023050521212121 ,  1.3921941333333332,             0.1650137818181818,             0.3911047939393939,            1.7716316638909977, 1.453138231784045 ,            2.3701341162541647, DCERPC                   , DCERPC
DHCPV6                   ,       67.0,       67.0,                0.0023127313432835,                0.0040839850746268,  0.9354407741935484,  0.5883272580645161,             0.0715675967741935,             0.3217273225806452,            1.7658709415113312, 1.5900007374653509,            4.495432808729671 , DHCPV6                   , DHCPV6
DNS                      ,   194932.0,   194932.0,                0.0015823864937516,                0.0029241842847762,  1.9280553259998137,  1.232629795008442 ,             0.2724665299244896,             0.4907105901670758,            1.8479583188576132, 1.564180367704489 ,            1.8009940167809586, DNS                      , DNS
FTP_CONTROL              ,      445.0,      445.0,                0.0158739235955056,                0.0258315820224719,  1.6244573348314606,  1.1817906179775282,             0.0744564651685393,             0.3054914853932584,            1.6272966079908322, 1.374572881287123 ,            4.102954454012145 , FTP_CONTROL              , FTP_CONTROL
GRE                      ,     4278.0,     4278.0,                0.0005384249649368,                0.0010223665264142,  1.3016568384759235,  0.8630643113604488,             0.3974615556334736,             0.4949698737727911,            1.8988096633561649, 1.5081805855511752,            1.245327671965428 , GRE                      , GRE
HTTP.Microsoft           ,      177.0,      177.0,                0.0064668644067796,                0.0116939152542372,  1.8762532033898305,  1.2468051977401131,             0.1483535932203389,             0.3577483050847457,            1.808282116133094 , 1.5048487179798564,            2.411456961163104 , HTTP.Microsoft           , HTTP
HTTP.Google              ,      775.0,      775.0,                0.0063347870967741,                0.0111999754838709,  2.2021766051612905,  1.4900712270967744,             0.1969376206451613,             0.450381230967742 ,            1.7680113495170704, 1.4779002272609265,            2.286923288157477 , HTTP.Google              , HTTP
HTTP.Yahoo               ,       88.0,       88.0,                0.0059384886363636,                0.0107640568181818,  2.089223852272727 ,  1.4172111704545456,             0.1593780568181818,             0.3717308977272727,            1.8125919703322204, 1.4741796394412028,            2.3323844269938783, HTTP.Yahoo               , HTTP
HTTP.WindowsUpdate       ,      150.0,      150.0,                0.00605588        ,                0.0102712799999999,  1.95467137007874  ,  1.297982716535433 ,             0.1809814803149606,             0.4015616062992125,            1.696083806152021 , 1.5059301985901137,            2.2187994351708147, HTTP.WindowsUpdate       , HTTP
HTTP.SOAP                ,       83.0,       83.0,                0.0052166626506024,                0.0100242650602409,  2.05943915        ,  1.2733096125      ,             0.2360687         ,             0.4775296375      ,            1.9215858359335038, 1.6173907192583925,            2.0228418146920792, HTTP.SOAP                , HTTP
HTTP.Microsoft365        ,       91.0,       91.0,                0.0049912527472527,                0.0094013956043956,  1.9067397692307688,  1.274979153846154 ,             0.1825418351648351,             0.3842161758241758,            1.8835743410450099, 1.4955066233662098,            2.1048116201813625, HTTP.Microsoft365        , HTTP
HTTP.GoogleServices      ,      210.0,      210.0,                0.0047673714285714,                0.0087798761904761,  2.0655208619047616,  1.3688444         ,             0.1482641047619047,             0.3891360476190476,            1.8416597745787757, 1.5089522679895258,            2.6246140172899963, HTTP.GoogleServices      , HTTP
HTTP                     ,   163270.0,   163270.0,                0.0038072829974888,                0.0080011270165982,  2.917899265632846 ,  1.6820880943605383,             0.2658498457048714,             0.5304728759967663,            2.101531990628374 , 1.7346887332569303,            1.9953853070340373, HTTP                     , HTTP
HTTP.AWS_Cloudfront      ,       59.0,       59.0,                0.0043370169491525,                0.0081889322033898,  2.205668830508474 ,  1.4526469152542372,             0.1795315423728813,             0.436393          ,            1.8881485360554116, 1.518379178964109 ,            2.4307316376396164, HTTP.AWS_Cloudfront      , HTTP
HTTP.OCSP                ,     8735.0,     8735.0,                0.0031900892959358,                0.0062350303377218,  2.312452548087932 ,  1.4583013527593311,             0.2203966141515914,             0.46364691046485  ,            1.9545002535400122, 1.5857165212885629,            2.103693435807268 , HTTP.OCSP                , HTTP
HTTP_Connect             ,      642.0,      642.0,                0.0040610576323987,                0.0072545140186915,  2.272874256716418 ,  1.460861147761194 ,             0.0699783835820895,             0.3217325432835821,            1.7863607649435294, 1.5558455094788814,            4.597598955771356 , HTTP_Connect             , HTTP_Connect
HTTP_Connect.Microsoft365,       70.0,       70.0,                0.0040732571428571,                0.0073059         ,  2.3863873285714283,  1.5457788857142856,             0.0540443142857142,             0.2645349714285714,            1.7936260205942784, 1.543808982400939 ,            4.894778940668274 , HTTP_Connect.Microsoft365, HTTP_Connect
HTTP_Connect.Github      ,       55.0,       55.0,                0.0036480545454545,                0.006244909090909 ,  2.187195054545455 ,  1.4784251272727271,             0.0899666363636363,             0.2342479272727272,            1.7118464137796945, 1.4794087398799871,            2.603719964875869 , HTTP_Connect.Github      , HTTP_Connect
HTTP_Proxy               ,      746.0,      746.0,                0.0041254839142091,                0.007942836461126 ,  2.5276013056300264,  1.5715496085790883,             0.1355181581769437,             0.3014009168900804,            1.925310248761139 , 1.6083496771796781,            2.2240629665033262, HTTP_Proxy               , HTTP_Proxy
ICMP                     , 15862130.0, 15862130.0,                0.0003331579100663,                0.0007097565911387,  1.3154568138596463,  0.8124047877144686,             0.5387722367519933,             0.5895928969603814,            2.1303909338291116, 1.6192135173900313,            1.094326798490513 , ICMP                     , ICMP
ICMPV6                   ,      770.0,      770.0,                0.0009474753246753,                0.0016484402597402,  1.171679609179416 ,  0.7629064506258691,             0.1273514367176634,             0.3408878678720445,            1.7398239477161273, 1.5358103319459413,            2.67674929045197  , ICMPV6                   , ICMPV6
IGMP                     ,      299.0,      299.0,                0.0004888127090301,                0.0009988260869565,  1.3144806344086022,  0.7793648924731184,             0.1197806810035842,             0.2979145125448029,            2.0433717628544605, 1.6866048844430608,            2.4871666286142453, IGMP                     , IGMP
IMAP                     ,       50.0,       50.0,                0.00654336        ,                0.0125225799999999,  1.20544026        ,  0.9143282399999998,             0.3694839199999999,             0.3818268         ,            1.9137843554381693, 1.3183889628083678,            1.0334057298082149, IMAP                     , IMAP
IMAPS                    ,      707.0,      707.0,                0.0060759236209335,                0.011769478076379 ,  1.5825744568599718,  1.1231703663366337,             0.1775764922206506,             0.2172552927864215,            1.9370681415133961, 1.4090244047496947,            1.2234462460068607, IMAPS                    , IMAPS
Kerberos                 ,      905.0,      905.0,                0.0021108828729281,                0.0038506751381215,  2.083703460773481 ,  1.3862132806629834,             0.3147055447513813,             0.4730371292817679,            1.8242012323403127, 1.5031622405009057,            1.503110247566401 , Kerberos                 , Kerberos
LDAP                     ,      929.0,      929.0,                0.0026845306781485,                0.0048896533907427,  1.8782642583423037,  1.2804144531754575,             0.2097660645855759,             0.3911807513455327,            1.8214183322781232, 1.466918975870793 ,            1.8648428768417262, LDAP                     , LDAP
LLMNR                    ,     2264.0,     2264.0,                0.0014669677561837,                0.002885664310954 ,  1.5732522472222223,  0.900190374537037 ,             0.1356502208333333,             0.3810610467592593,            1.9670945723176785, 1.747688368731267 ,            2.8091443155662095, LLMNR                    , LLMNR
MDNS                     ,      197.0,      197.0,                0.0022484365482233,                0.0039926091370558,  1.257664248648649 ,  0.8015610702702702,             0.0970600324324324,             0.3209996378378378,            1.775726844598187 , 1.569018625398798 ,            3.307227803177371 , MDNS                     , MDNS
MySQL                    ,    45676.0,    45676.0,                0.0114755106620544,                0.0201094776469042,  2.8504936270332992,  1.902477121921317 ,             0.1737382145280994,             0.5264873306478096,            1.7523819409099923, 1.4983063891746449,            3.0303484589031426, MySQL                    , MySQL
NTP                      ,      440.0,      440.0,                0.0010121909090909,                0.001712775       ,  1.118618156321839 ,  0.7462082252873563,             0.0906839057471264,             0.2973174390804597,            1.6921461995132223, 1.4990697213114634,            3.278613075064658 , NTP                      , NTP
NetBIOS.SMBv23           ,      179.0,      179.0,                0.0092403407821229,                0.0151735921787709,  1.463040301675978 ,  1.0939605139664803,             0.0567189553072625,             0.2677110446927374,            1.6421030930078835, 1.3373794419428255,            4.719957256660873 , NetBIOS.SMBv23           , NetBIOS
NetBIOS.SMBv1            ,       55.0,       55.0,                0.0023832         ,                0.0040424363636363,  1.0089120980392157,  0.7213131372549019,             0.1063069803921568,             0.2236292745098039,            1.6962220391223146, 1.398715822477361 ,            2.1036179720734784, NetBIOS.SMBv1            , NetBIOS
NetBIOS                  ,      519.0,      519.0,                0.0013399364161849,                0.0025126512524084,  1.4475458223938225,  0.9461583590733592,             0.2071493803088803,             0.4042139459459459,            1.8752018544002875, 1.529919181617238 ,            1.9513162208992503, NetBIOS                  , NetBIOS
POPS                     ,       53.0,       53.0,                0.0058291132075471,                0.0114306415094339,  1.806644566037736 ,  1.238253547169811 ,             0.141606          ,             0.2427002452830188,            1.9609571992244652, 1.4590263602854652,            1.7139121596755702, POPS                     , POPS
QUIC.GoogleServices      ,      103.0,      103.0,                0.0019482427184466,                0.0035051650485436,  1.43897772815534  ,  0.94105040776699  ,             0.1132311067961165,             0.3726296699029126,            1.7991418704433229, 1.529118648989141 ,            3.290877219577727 , QUIC.GoogleServices      , QUIC
QUIC.Google              ,      715.0,      715.0,                0.001712972027972 ,                0.0032850251748251,  1.5807367972027977,  0.9889804839160838,             0.1745968265734265,             0.4079324349650349,            1.9177342777244677, 1.5983498389609527,            2.336425254519041 , QUIC.Google              , QUIC
RDP                      ,      286.0,      286.0,                0.0060747797202797,                0.0119161293706293,  1.4648829125874123,  1.042596611888112 ,             0.3470410384615384,             0.35511443006993  ,            1.9615739037992062, 1.4050332562797725,            1.0232635069448317, RDP                      , RDP
SMBv23                   ,      133.0,      133.0,                0.0063807894736842,                0.0130682330827067,  1.5404866842105265,  1.053651969924812 ,             0.2109775413533835,             0.329177037593985 ,            2.048058964584713 , 1.4620450852670592,            1.560246818132265 , SMBv23                   , SMBv23
SMTP                     ,      367.0,      367.0,                0.0061073269754768,                0.0118329291553133,  1.7190045476839235,  1.197700855585831 ,             0.2312132588555858,             0.2309809455040871,            1.937497239435015 , 1.4352536692838107,            0.9989952420866841, SMTP                     , SMTP
SMTPS.GMail              ,      343.0,      343.0,                0.0068177638483965,                0.0118589795918367,  2.391313868804665 ,  1.7590790699708454,             0.0843622973760932,             0.3056526355685131,            1.739423637359611 , 1.359412382096217 ,            3.623095210481189 , SMTPS.GMail              , SMTPS
SSDP                     ,     2128.0,     2128.0,                0.0022859793233082,                0.0044559605263157,  1.9255764557392996,  1.100207161478599 ,             0.0796927256809338,             0.3697665077821011,            1.9492567062536545, 1.750194438974078 ,            4.639902884769398 , SSDP                     , SSDP
SSH                      ,    50951.0,    50951.0,                0.0021570893407391,                0.0046629194323958,  2.4632016431514105,  1.405147540981677 ,             0.3116571019147016,             0.5451305708792717,            2.1616719086832576, 1.752984345992981 ,            1.749135724904707 , SSH                      , SSH
SamsungSDP               ,    12777.0,    12777.0,                0.0004153403772403,                0.0010081800892228,  1.846033773172452 ,  1.0098693610436418,             0.2235873130141816,             0.5887218156389563,            2.4273587266462795, 1.8279926536880795,            2.633073440985514 , SamsungSDP               , SamsungSDP
TLS.Microsoft            ,      808.0,      808.0,                0.0098930990099009,                0.0162944826732673,  2.707715366710013 ,  2.010806903771132 ,             0.1651689245773732,             0.408485644993498 ,            1.6470554531962094, 1.3465814950365829,            2.4731386127185404, TLS.Microsoft            , TLS
TLS.WindowsUpdate        ,       88.0,       88.0,                0.0091778522727272,                0.0153557386363636,  2.895140869047619 ,  2.1721014285714286,             0.1757284523809523,             0.4166443928571429,            1.6731298543554176, 1.3328755420743528,            2.3709557969242328, TLS.WindowsUpdate        , TLS
TLS.Microsoft365         ,      451.0,      451.0,                0.0088403902439024,                0.0148712195121951,  2.853013608173077 ,  2.0815553990384617,             0.1944865889423077,             0.4399747091346153,            1.6821903900059643, 1.3706162274090696,            2.2622367512709523, TLS.Microsoft365         , TLS
TLS.Salesforce           ,       76.0,       76.0,                0.0084215         ,                0.0140439736842105,  2.92708425        ,  2.245223394736842 ,             0.1662375921052631,             0.3431105526315789,            1.6676332819818915, 1.3036939918145996,            2.0639769157286536, TLS.Salesforce           , TLS
TLS                      ,    88838.0,    88838.0,                0.007300764695288 ,                0.0125626426529187,  2.8188529259184247,  2.051337353338959 ,             0.2376336861772151,             0.4439675865879044,            1.7207297012361977, 1.3741537545397793,            1.8682855689778597, TLS                      , TLS
TLS.Mozilla              ,     2166.0,     2166.0,                0.0083153060941828,                0.013919123268698 ,  3.145179856943799 ,  2.3314820162563863,             0.2197592201579192,             0.4624436451463075,            1.6739159221613626, 1.349004553761882 ,            2.1043196495418712, TLS.Mozilla              , TLS
TLS.GoogleServices       ,     1102.0,     1102.0,                0.0076899210526315,                0.0131648475499092,  3.052898965328467 ,  2.257403767335767 ,             0.1837960711678832,             0.4292955447080292,            1.711961340019762 , 1.352393847083705 ,            2.3357166558576847, TLS.GoogleServices       , TLS
TLS.LinkedIn             ,      228.0,      228.0,                0.008138947368421 ,                0.012625346491228 ,  3.1586455         ,  2.335618416666667 ,             0.2485823771929824,             0.5000380307017545,            1.55122596568374  , 1.3523807987898706,            2.011558648477961 , TLS.LinkedIn             , TLS
TLS.Yandex               ,      362.0,      362.0,                0.0074524392265193,                0.0128425828729281,  3.1543365662983422,  2.339735715469613 ,             0.2997283508287293,             0.5093225165745856,            1.7232724055270552, 1.348159343571515 ,            1.6992804156375003, TLS.Yandex               , TLS
TLS.Yahoo                ,      580.0,      580.0,                0.0074978362068965,                0.012785998275862 ,  3.170168724137931 ,  2.360261310344828 ,             0.2355348137931034,             0.4879301862068965,            1.7052917565872479, 1.3431431131135125,            2.0715841465181457, TLS.Yahoo                , TLS
TLS.Twitter              ,      785.0,      785.0,                0.0074321605095541,                0.0127772203821656,  3.111819765605096 ,  2.3105274420382167,             0.198292850955414 ,             0.4263804815286624,            1.7191798220369952, 1.346800608808188 ,            2.150256448854698 , TLS.Twitter              , TLS
TLS.AWS_Cloudfront       ,      749.0,      749.0,                0.0072638878504672,                0.0126561401869158,  3.155326367156208 ,  2.331574770360481 ,             0.1974885393858478,             0.4484592870493992,            1.7423369478511126, 1.3533026721971126,            2.2708117060565804, TLS.AWS_Cloudfront       , TLS
TLS.Cloudflare           ,      136.0,      136.0,                0.0072736470588235,                0.0125292352941176,  3.1962114411764704,  2.3543651764705884,             0.2199091397058823,             0.4696737794117647,            1.7225520007763728, 1.3575682621877239,            2.135762888436244 , TLS.Cloudflare           , TLS
TLS.AWS_S3               ,      353.0,      353.0,                0.0073406345609065,                0.0125495920679886,  3.126415495750708 ,  2.309890940509915 ,             0.1918425240793201,             0.4003617422096317,            1.7096058881371208, 1.3534905223969331,            2.0869290796241624, TLS.AWS_S3               , TLS
TLS.Canonical            ,      969.0,      969.0,                0.0072703756449948,                0.0122395056759545,  2.636111608066184 ,  1.981852291623578 ,             0.1351633981385729,             0.3299585966907963,            1.683476380533465 , 1.3301251658399942,            2.4411830512911084, TLS.Canonical            , TLS
TLS.YouTube              ,      250.0,      250.0,                0.007234332       ,                0.012310948       ,  3.185651376       ,  2.359247336       ,             0.229578956       ,             0.489691424       ,            1.701739428049473 , 1.3502829175177247,            2.1329978693691767, TLS.YouTube              , TLS
TLS.eBay                 ,      305.0,      305.0,                0.007372806557377 ,                0.0121528786885245,  3.3097572655737704,  2.4566643606557377,             0.345792268852459 ,             0.5858795967213115,            1.6483381998358155, 1.3472565966196226,            1.6943108608691648, TLS.eBay                 , TLS
TLS.VK                   ,       57.0,       57.0,                0.0071220526315789,                0.0123024736842105,  3.1943053684210523,  2.3719351754385967,             0.3429515263157894,             0.6026500175438597,            1.7273775301325096, 1.346708544777321 ,            1.7572454743617039, TLS.VK                   , TLS
TLS.Facebook             ,     1526.0,     1526.0,                0.0069472712975098,                0.0119816441677588,  3.0626608931847965,  2.234082241153342 ,             0.2183762221494102,             0.4523949665792922,            1.7246547104117749, 1.3708809983663366,            2.071631069200242 , TLS.Facebook             , TLS
TLS.Alibaba              ,       62.0,       62.0,                0.0070138548387096,                0.0118887741935483,  3.2765530645161296,  2.4365374193548384,             0.2771392258064515,             0.4684589677419354,            1.6950413812293244, 1.3447579497398878,            1.690338011080026 , TLS.Alibaba              , TLS
TLS.Google               ,    12454.0,    12454.0,                0.0066050545206359,                0.0114325277019431,  3.096326665248113 ,  2.262564750120444 ,             0.2435606700658422,             0.5046504561586639,            1.730875599319419 , 1.3685030075198004,            2.0719702241837354, TLS.Google               , TLS
TLS.FbookReelStory       ,      248.0,      248.0,                0.0065840725806451,                0.0114632096774193,  3.1596319717741936,  2.3236593346774197,             0.2412006209677419,             0.5110821411290323,            1.741051535658519 , 1.3597655751947078,            2.118908894506471 , TLS.FbookReelStory       , TLS
TeamViewer               ,      139.0,      139.0,                0.0081960503597122,                0.0159268920863309,  0.8213345683453237,  0.6758638848920865,             0.620609820143885 ,             0.5525096978417267,            1.9432399006013625, 1.2152366574172908,            0.8902690223522894, TeamViewer               , TeamViewer
Telnet                   ,      144.0,      144.0,                0.0080510138888888,                0.0179193541666666,  0.995694840277778 ,  0.7554041875      ,             0.6701466944444445,             0.6544848611111111,            2.225726400919155 , 1.3180954735940988,            0.9766292463080533, Telnet                   , Telnet
